Agent_ID,AI_Adoption_Label,AI_Adoption,Months_Experience,Resolutions_Per_Hour,Skill_Quintile
0,Not_Used,0,25,2.129291118011782,2
1,Used_AI,1,1,1.5626999905635859,3
2,Not_Used,0,9,2.047791838627798,2
3,Not_Used,0,29,2.8902762657675893,5
4,Used_AI,1,5,3.1369033900464216,4
5,Not_Used,0,21,1.916421981299103,4
6,Used_AI,1,1,1.995507953261514,4
7,Not_Used,0,32,2.700066669682646,1
8,Not_Used,0,16,2.678785732147807,5
9,Not_Used,0,34,2.058305615566271,3
10,Not_Used,0,13,2.678491865481777,4
11,Used_AI,1,5,1.8981510700743367,1
12,Not_Used,0,33,1.4993167245911103,1
13,Used_AI,1,3,2.3462593345688316,4
14,Used_AI,1,4,3.728423527070557,4
15,Not_Used,0,14,1.7315735431884742,1
16,Not_Used,0,17,1.1510902183879677,2
17,Not_Used,0,31,3.746495656929489,5
18,Used_AI,1,2,1.7706619392241865,1
19,Not_Used,0,19,2.9130428136416633,5
20,Not_Used,0,16,1.5097273348240954,1
21,Used_AI,1,0,2.193383747059879,4
22,Not_Used,0,5,1.6536272188209478,2
23,Not_Used,0,3,1.285720332611087,4
24,Used_AI,1,4,2.9072000235534152,2
25,Not_Used,0,48,2.5017354813217207,3
26,Not_Used,0,12,2.8446680252754457,3
27,Not_Used,0,15,2.319315744191462,1
28,Not_Used,0,45,2.7014649135125754,4
29,Used_AI,1,5,2.698191183253018,2
30,Not_Used,0,19,2.023415931806115,3
31,Not_Used,0,6,0.7345091375962922,1
32,Not_Used,0,24,1.036544234140768,1
33,Used_AI,1,2,2.2506537574820147,3
34,Not_Used,0,35,3.6546206269903667,5
35,Used_AI,1,2,2.505206845598995,4
36,Used_AI,1,4,2.8706181529753594,3
37,Not_Used,0,16,2.24443751513439,3
38,Not_Used,0,6,1.6522776815141675,3
39,Not_Used,0,11,2.7483343469697354,4
40,Not_Used,0,7,1.5204404357992098,1
41,Not_Used,0,16,1.8818042643721054,5
42,Not_Used,0,3,2.2835495676771576,4
43,Used_AI,1,0,2.1950925458613746,4
44,Not_Used,0,4,2.071061486210848,4
45,Not_Used,0,7,2.3982651779467594,3
46,Used_AI,1,2,2.0997721300171506,4
47,Used_AI,1,5,2.9460793432690013,4
48,Used_AI,1,6,1.8014732199371977,2
49,Not_Used,0,0,1.0760352669110822,2
50,Not_Used,0,10,2.9913101349663,3
51,Not_Used,0,25,2.87980614996917,5
52,Not_Used,0,1,0.5537844816019175,1
53,Not_Used,0,10,1.1413892990865073,1
54,Not_Used,0,13,2.390002642785,3
55,Not_Used,0,6,1.578593401408647,3
56,Not_Used,0,14,2.5383898641024802,3
57,Used_AI,1,6,3.0753697686976174,3
58,Not_Used,0,8,2.181027588998599,3
59,Used_AI,1,0,1.6625143806064977,5
60,Not_Used,0,14,1.8808351572660686,1
61,Not_Used,0,12,2.1866781962959636,2
62,Used_AI,1,0,1.9228107919084132,3
63,Used_AI,1,5,1.8492612428890207,1
64,Not_Used,0,46,2.740207564150041,3
65,Used_AI,1,6,3.7202252974796104,5
66,Not_Used,0,8,2.8587384701238507,3
67,Not_Used,0,28,2.2810525995079916,3
68,Not_Used,0,15,2.1102032646275313,1
69,Not_Used,0,10,1.8164905658966284,2
70,Not_Used,0,19,2.158825498448188,2
71,Not_Used,0,23,1.697751707608246,2
72,Not_Used,0,7,2.558682750367661,5
73,Used_AI,1,7,2.6707834320464494,4
74,Not_Used,0,5,1.1754330374203277,1
75,Not_Used,0,40,2.3694066623864654,3
76,Not_Used,0,14,2.352767599764074,4
77,Used_AI,1,1,2.37382634351227,5
78,Not_Used,0,23,3.3001938427988855,5
79,Not_Used,0,7,0.8783295758414674,1
80,Used_AI,1,0,0.5583385514465206,2
81,Not_Used,0,9,1.637010816032521,1
82,Used_AI,1,6,2.293194277744675,3
83,Not_Used,0,25,3.1662297185237325,4
84,Used_AI,1,2,2.6921804525459003,5
85,Not_Used,0,21,2.6411463296046276,3
86,Not_Used,0,9,2.5253872037385543,2
87,Used_AI,1,0,1.5999691664445714,3
88,Not_Used,0,42,2.057113913295903,2
89,Not_Used,0,8,3.4723402260214,5
90,Used_AI,1,4,1.7549936074292465,1
91,Not_Used,0,7,2.0492147821912763,3
92,Not_Used,0,23,4.039607828536375,5
93,Used_AI,1,4,2.2811219866808683,3
94,Used_AI,1,2,2.109948742093796,3
95,Not_Used,0,1,1.3070252211524678,2
96,Used_AI,1,4,1.9669138863583364,3
97,Not_Used,0,18,3.0952339847993975,5
98,Not_Used,0,7,1.4845497319665775,1
99,Not_Used,0,3,2.6992219212465893,5
100,Used_AI,1,2,1.350872845957836,1
101,Used_AI,1,4,2.2044836091044395,2
102,Not_Used,0,33,2.528268811059674,2
103,Used_AI,1,5,3.0685576453883394,4
104,Not_Used,0,53,2.2402269750397372,1
105,Not_Used,0,7,2.1301170049841143,4
106,Used_AI,1,2,3.1788998606631456,5
107,Not_Used,0,26,2.028723640564638,1
108,Not_Used,0,7,1.723751705466341,3
109,Not_Used,0,14,2.0195212080160574,2
110,Not_Used,0,49,2.113231250746832,4
111,Used_AI,1,0,1.847923961707158,3
112,Not_Used,0,1,1.420652639526896,2
113,Not_Used,0,15,2.8519900816460333,4
114,Used_AI,1,3,2.9293557871906635,5
115,Used_AI,1,2,2.32615424625897,3
116,Used_AI,1,0,2.5303426970771334,4
117,Used_AI,1,0,1.3860219240522538,1
118,Not_Used,0,17,1.8662614350588371,1
119,Not_Used,0,1,1.7691898634559906,4
120,Not_Used,0,7,3.21819908883369,5
121,Not_Used,0,11,1.7714485282031602,4
122,Not_Used,0,6,1.692604747289738,2
123,Used_AI,1,0,2.123313978256681,3
124,Not_Used,0,18,2.142651941355624,1
125,Used_AI,1,0,2.0609144580275602,4
126,Not_Used,0,17,2.1949822721879224,5
127,Not_Used,0,26,2.272325486768727,2
128,Not_Used,0,6,1.5073768272424013,2
129,Used_AI,1,9,2.9653827528355805,3
130,Used_AI,1,7,2.208225319748545,2
131,Used_AI,1,5,2.254287567475763,3
132,Not_Used,0,26,2.7422495299115326,5
133,Not_Used,0,26,2.883543770019414,3
134,Not_Used,0,4,1.504696884385806,2
135,Not_Used,0,11,1.9330500705786342,2
136,Not_Used,0,31,2.9574951002801866,4
137,Not_Used,0,39,2.157966121852323,3
138,Not_Used,0,8,1.2505773471944974,2
139,Used_AI,1,7,2.8502252081113526,5
140,Used_AI,1,3,2.697506233726892,5
141,Not_Used,0,38,2.5118553743880283,2
142,Used_AI,1,1,0.5,1
143,Used_AI,1,10,4.056858437623694,5
144,Used_AI,1,3,2.4126597235540013,2
145,Used_AI,1,3,3.106595442533554,4
146,Not_Used,0,6,0.9454485897769473,1
147,Not_Used,0,60,3.896360509107173,5
148,Used_AI,1,0,0.7374482678783483,1
149,Not_Used,0,10,2.5120356029909123,4
150,Used_AI,1,1,2.0582843664129955,3
151,Used_AI,1,2,1.8449439770799896,1
152,Not_Used,0,6,2.029609134759929,2
153,Not_Used,0,8,2.231998948034997,4
154,Used_AI,1,3,2.216046755295742,3
155,Not_Used,0,4,2.391942838070716,4
156,Not_Used,0,1,2.751573798038214,5
157,Used_AI,1,4,1.438932982680619,1
158,Not_Used,0,40,2.8591598862946537,5
159,Not_Used,0,34,2.5913907549540744,3
160,Used_AI,1,4,2.182298713063189,1
161,Not_Used,0,10,2.2161680348177657,1
162,Not_Used,0,28,1.973174951669808,3
163,Used_AI,1,0,1.9533029765595955,5
164,Not_Used,0,19,2.178756924622679,3
165,Not_Used,0,35,3.931307176278718,5
166,Used_AI,1,1,1.1251843589076191,1
167,Used_AI,1,2,1.8338809771676639,3
168,Not_Used,0,38,2.2627060494140268,1
169,Not_Used,0,9,2.140994570493724,4
170,Used_AI,1,0,1.686109261244178,5
171,Used_AI,1,3,1.6665864477184964,2
172,Used_AI,1,7,1.8689221568057155,1
173,Not_Used,0,14,2.5363778424989163,3
174,Not_Used,0,15,2.5705087869436842,4
175,Not_Used,0,60,2.9465394288253552,4
176,Used_AI,1,4,3.128387221520583,5
177,Not_Used,0,9,1.6976015757740917,1
178,Not_Used,0,9,2.5780096212057737,4
179,Used_AI,1,6,3.2938761003392982,5
180,Not_Used,0,2,1.0976704587862052,1
181,Not_Used,0,45,2.900524209955419,4
182,Not_Used,0,23,1.8279560824142873,2
183,Used_AI,1,8,2.418704303259359,3
184,Not_Used,0,11,1.5761934242884834,4
185,Used_AI,1,3,2.809974298546557,2
186,Not_Used,0,9,2.128281834397887,2
187,Not_Used,0,14,1.9682680911332016,3
188,Not_Used,0,8,1.4225289217442467,1
189,Not_Used,0,55,2.0124775221688935,1
190,Not_Used,0,11,3.1506681859430983,4
191,Used_AI,1,5,1.3826065597931843,1
192,Not_Used,0,17,2.7350953771405835,4
193,Not_Used,0,2,1.8273294248682803,4
194,Not_Used,0,5,1.3845358755795694,1
195,Not_Used,0,5,1.5363177704335165,2
196,Not_Used,0,6,1.8721352104836373,5
197,Not_Used,0,18,1.7867456922397589,1
198,Not_Used,0,7,1.4107095983399103,2
199,Not_Used,0,18,2.6406378569151485,4
200,Not_Used,0,10,3.1245241783687767,4
201,Used_AI,1,5,1.8416748487958958,3
202,Not_Used,0,19,1.7794487179158138,2
203,Used_AI,1,3,2.75421396433156,5
204,Used_AI,1,3,3.03073998620351,5
205,Not_Used,0,8,2.864369121967483,5
206,Not_Used,0,3,1.7277590487059133,3
207,Used_AI,1,0,1.3045560510984742,2
208,Not_Used,0,12,1.5604483222136214,2
209,Not_Used,0,8,2.432116621734542,4
210,Not_Used,0,7,2.552094779467362,4
211,Not_Used,0,40,3.0933083032601023,5
212,Not_Used,0,10,2.7969264033100236,4
213,Not_Used,0,23,1.7406304887502966,1
214,Used_AI,1,1,2.8900403396909695,5
215,Not_Used,0,10,1.5795598354313523,1
216,Not_Used,0,24,2.4480625560359437,2
217,Not_Used,0,10,2.2680157195737833,3
218,Not_Used,0,15,3.268384328971663,5
219,Used_AI,1,5,3.7927397805391956,5
220,Used_AI,1,1,2.6162790156682147,4
221,Used_AI,1,7,2.072404664923027,3
222,Used_AI,1,6,3.4583723143296448,4
223,Not_Used,0,24,2.1875128266642787,5
224,Used_AI,1,3,1.8827623131229592,2
225,Not_Used,0,40,3.545326876331924,5
226,Not_Used,0,38,2.9454024256819387,3
227,Used_AI,1,3,3.2114007220641265,4
228,Used_AI,1,5,2.0638765243884607,4
229,Not_Used,0,27,2.5405974580214252,4
230,Not_Used,0,40,2.2541656817968234,5
231,Used_AI,1,7,2.5323848553021935,2
232,Used_AI,1,4,2.145237865469616,2
233,Not_Used,0,8,2.1651310113171416,1
234,Not_Used,0,13,2.5236274515135984,4
235,Used_AI,1,3,3.126208761312149,4
236,Not_Used,0,16,2.795706603314053,4
237,Used_AI,1,0,2.272804267071871,5
238,Used_AI,1,0,1.0190960293507372,3
239,Used_AI,1,5,2.9772656220730638,4
240,Used_AI,1,5,1.3505157089123694,1
241,Used_AI,1,4,2.7469712732321834,2
242,Not_Used,0,8,2.361833868902647,4
243,Used_AI,1,4,3.3797396413563865,5
244,Used_AI,1,2,1.8603874036029955,2
245,Used_AI,1,4,2.593150998812449,3
246,Not_Used,0,44,2.047467665501599,1
247,Not_Used,0,6,1.781831812014451,2
248,Not_Used,0,7,2.30390439307319,5
249,Not_Used,0,10,2.6037430245608397,4
250,Not_Used,0,49,2.64467675746858,4
251,Used_AI,1,3,1.8640017687351151,3
252,Not_Used,0,13,2.756285268490923,3
253,Not_Used,0,15,2.269742114716029,2
254,Not_Used,0,11,2.5697335134573636,4
255,Used_AI,1,1,2.8577274831728037,4
256,Not_Used,0,13,2.394526148352565,4
257,Used_AI,1,0,1.8323183344540532,2
258,Not_Used,0,10,1.152716283154055,1
259,Not_Used,0,16,2.471961393468778,5
260,Used_AI,1,2,2.638477520532497,2
261,Not_Used,0,22,2.4190941429997337,2
262,Used_AI,1,0,1.9409529258512905,4
263,Not_Used,0,22,2.549059870225675,2
264,Used_AI,1,7,2.9861853151749442,5
265,Used_AI,1,2,2.810839754266132,4
266,Used_AI,1,1,1.4635139558022257,4
267,Not_Used,0,36,1.5534687759795853,1
268,Used_AI,1,0,2.6320961777273535,5
269,Used_AI,1,2,2.2067506260640504,3
270,Used_AI,1,5,2.3844521780050023,2
271,Not_Used,0,11,1.7269426287401517,3
272,Not_Used,0,9,1.9720632190292997,1
273,Used_AI,1,1,2.658173242987427,4
274,Used_AI,1,4,1.6842003113741306,1
275,Used_AI,1,3,1.4430643529460776,1
276,Used_AI,1,2,1.7460770890250008,1
277,Used_AI,1,6,3.8481751743747203,5
278,Not_Used,0,14,2.350092485919031,2
279,Not_Used,0,2,3.275029837384134,5
280,Used_AI,1,5,1.9133317234430507,2
281,Used_AI,1,5,1.213638344515799,1
282,Not_Used,0,44,1.688826328712459,1
283,Not_Used,0,37,3.4496445337538155,5
284,Not_Used,0,19,2.3905852403750103,3
285,Used_AI,1,3,1.8763917221525213,2
286,Used_AI,1,0,2.074581299752757,3
287,Used_AI,1,4,3.248146062115387,4
288,Used_AI,1,3,2.271487157231016,5
289,Not_Used,0,8,2.5643506347205043,5
290,Not_Used,0,18,2.525948706421257,2
291,Not_Used,0,23,1.6211022155547266,1
292,Not_Used,0,22,1.9281826752667603,2
293,Used_AI,1,5,2.9671246087378234,3
294,Not_Used,0,13,1.257943440851206,1
295,Used_AI,1,4,1.8048531042293376,1
296,Used_AI,1,0,1.955645879358092,4
297,Not_Used,0,14,2.029365939091611,3
298,Used_AI,1,0,1.973104989440025,3
299,Not_Used,0,6,1.3715656021931428,2
300,Used_AI,1,4,2.981188387524615,3
301,Not_Used,0,14,1.7708049893084228,1
302,Not_Used,0,17,3.0697559634030007,5
303,Used_AI,1,4,3.1938748609751055,5
304,Not_Used,0,20,1.2436990428726933,1
305,Used_AI,1,4,1.2360005847353346,1
306,Not_Used,0,7,1.427814290992429,1
307,Not_Used,0,15,2.0129388605424112,2
308,Not_Used,0,14,2.463831506575754,3
309,Not_Used,0,52,1.9726831666184483,1
310,Used_AI,1,3,1.7119103299807017,1
311,Not_Used,0,13,2.557033450198034,1
312,Not_Used,0,11,1.708654700010361,3
313,Not_Used,0,29,2.888731312528683,3
314,Used_AI,1,2,1.519460638247221,2
315,Not_Used,0,16,2.2873843265960168,3
316,Not_Used,0,10,1.7589769337961294,2
317,Used_AI,1,3,1.820191279904991,2
318,Used_AI,1,7,3.7120113109737756,5
319,Used_AI,1,4,3.68333046398915,5
320,Not_Used,0,10,1.697372955154214,1
321,Not_Used,0,26,2.974553753826157,4
322,Not_Used,0,10,2.1702801867254453,4
323,Not_Used,0,11,1.8265611218686715,1
324,Not_Used,0,8,3.3508185055036375,4
325,Used_AI,1,0,2.2007643291176353,5
326,Used_AI,1,3,1.5086646310423248,1
327,Not_Used,0,8,1.3957027680349572,1
328,Used_AI,1,4,2.7123712434354297,5
329,Not_Used,0,2,0.6770727494111142,4
330,Not_Used,0,8,2.5166421228965348,4
331,Used_AI,1,4,2.2146018503775653,4
332,Used_AI,1,3,1.7749832800287493,4
333,Used_AI,1,7,2.291417943600764,1
334,Used_AI,1,1,2.0396869765736856,5
335,Not_Used,0,31,3.0356217357802744,5
336,Not_Used,0,24,2.9594319143886985,3
337,Not_Used,0,14,1.6977952863241472,3
338,Used_AI,1,1,0.5,1
339,Not_Used,0,17,2.7209985569923183,4
340,Not_Used,0,19,3.1441165758828156,4
341,Not_Used,0,17,1.6953165075660253,3
342,Used_AI,1,1,2.646647481918249,5
343,Not_Used,0,12,2.291340943479321,2
344,Not_Used,0,21,1.8950557508131984,4
345,Not_Used,0,10,1.9687264749361786,1
346,Not_Used,0,12,2.5648460194843676,3
347,Used_AI,1,7,2.5535845524163183,3
348,Not_Used,0,9,2.7346265431372925,3
349,Used_AI,1,0,1.8442445643579721,2
350,Not_Used,0,12,2.2014906154356626,3
351,Used_AI,1,1,2.1844195561501074,4
352,Used_AI,1,6,1.9321276973483932,2
353,Used_AI,1,4,1.472239500616395,1
354,Not_Used,0,9,3.223729557182,5
355,Used_AI,1,1,2.529044038054636,5
356,Not_Used,0,14,0.7580883307832625,1
357,Not_Used,0,19,3.250632369874822,4
358,Used_AI,1,2,2.02315525821661,2
359,Used_AI,1,1,1.924928364027116,3
360,Used_AI,1,1,2.4946083131799504,4
361,Not_Used,0,25,2.995890153643534,3
362,Not_Used,0,9,0.6083865766092635,2
363,Not_Used,0,7,1.860211550482633,2
364,Used_AI,1,1,0.8605052036080609,1
365,Not_Used,0,12,2.0097128415889687,2
366,Not_Used,0,24,2.5051320658724343,3
367,Not_Used,0,21,2.3328275973641706,2
368,Not_Used,0,11,2.335289646973648,4
369,Used_AI,1,0,1.5894067989686862,5
370,Used_AI,1,1,1.5409775641971577,2
371,Used_AI,1,0,1.85888860589266,3
372,Not_Used,0,3,2.4105172310695124,4
373,Used_AI,1,1,1.8345863620931537,4
374,Not_Used,0,3,2.203319549155207,3
375,Used_AI,1,5,2.6855985489588097,4
376,Not_Used,0,34,3.0082436535739046,4
377,Not_Used,0,11,1.3711738676052982,1
378,Not_Used,0,21,2.943863264622804,5
379,Not_Used,0,14,3.083616552902365,5
380,Used_AI,1,1,1.171766306475095,2
381,Not_Used,0,15,2.0560420479209807,3
382,Used_AI,1,3,2.8247503068048623,4
383,Not_Used,0,12,3.0819562976070745,3
384,Not_Used,0,5,2.107916926707497,5
385,Not_Used,0,60,4.842339347377773,5
386,Used_AI,1,3,2.7794973059142656,2
387,Used_AI,1,3,1.473074767165355,1
388,Not_Used,0,32,2.63125131190907,4
389,Used_AI,1,0,1.7483590260796735,4
390,Not_Used,0,14,2.140505881385432,3
391,Not_Used,0,15,2.4729780475326066,5
392,Not_Used,0,21,1.7366184745534632,1
393,Not_Used,0,44,3.667876416964276,4
394,Not_Used,0,44,2.1753005605379943,2
395,Used_AI,1,0,2.2855752306679,5
396,Not_Used,0,20,2.7336104619665313,5
397,Not_Used,0,12,1.992276284345358,2
398,Not_Used,0,12,2.0569938490108743,2
399,Used_AI,1,1,2.4401931333635387,5
400,Not_Used,0,12,1.9456835980009997,2
401,Not_Used,0,48,2.6169193427691493,3
402,Not_Used,0,29,2.7739332564163357,3
403,Used_AI,1,6,1.6290476474840243,1
404,Used_AI,1,0,1.6861499114961584,3
405,Used_AI,1,5,2.220517805603632,2
406,Not_Used,0,21,2.6392264849817453,2
407,Not_Used,0,14,3.275833721125313,5
408,Not_Used,0,7,1.4806679067923825,1
409,Used_AI,1,0,2.668728020965733,4
410,Not_Used,0,6,2.0069900060788455,2
411,Used_AI,1,7,3.081068437773038,2
412,Not_Used,0,31,3.224257352500402,4
413,Not_Used,0,12,1.6592377586964426,4
414,Used_AI,1,4,3.3177907108072375,4
415,Used_AI,1,8,3.219444978948647,5
416,Used_AI,1,0,1.4479564244918464,2
417,Not_Used,0,43,2.52009682530926,2
418,Used_AI,1,5,1.7932463474017628,1
419,Used_AI,1,7,2.4214129046555737,2
420,Used_AI,1,5,3.4676006773696617,5
421,Not_Used,0,13,3.387671625708245,5
422,Used_AI,1,13,2.1834501371247423,1
423,Not_Used,0,15,1.4947729734351538,1
424,Used_AI,1,3,2.2213951789366897,4
425,Used_AI,1,4,2.8429393918698014,4
426,Used_AI,1,1,2.378169579525514,4
427,Not_Used,0,12,2.253871691678768,3
428,Used_AI,1,0,1.1394132586091514,3
429,Not_Used,0,10,1.6826253916743976,4
430,Not_Used,0,24,2.780733354096569,3
431,Not_Used,0,26,2.002541304778567,1
432,Not_Used,0,7,1.506335352428379,3
433,Not_Used,0,7,2.241849912966457,2
434,Used_AI,1,0,1.7907224021225774,3
435,Not_Used,0,13,3.7454272713274768,5
436,Not_Used,0,20,2.4425303292082106,4
437,Used_AI,1,3,1.5841879063674587,2
438,Not_Used,0,6,2.8343562169805914,5
439,Not_Used,0,21,2.3675183803728914,4
440,Not_Used,0,25,2.401363190139473,4
441,Used_AI,1,3,3.1006923518215834,4
442,Used_AI,1,9,2.881316978326139,5
443,Used_AI,1,2,0.9612498390252218,1
444,Used_AI,1,1,2.2081331555838526,4
445,Not_Used,0,29,2.2146021592760334,1
446,Not_Used,0,20,2.889459157448063,4
447,Not_Used,0,17,1.7760860500569176,1
448,Used_AI,1,0,2.432710394162879,2
449,Not_Used,0,22,2.215495705746373,2
450,Used_AI,1,6,3.044139584327846,5
451,Used_AI,1,5,2.767217905072675,5
452,Used_AI,1,9,2.289164444984102,1
453,Used_AI,1,1,2.1847931000081644,3
454,Not_Used,0,16,2.4599266320612845,2
455,Not_Used,0,10,0.9341919480055939,1
456,Used_AI,1,2,2.0317922917930478,3
457,Not_Used,0,2,1.6638849655629917,2
458,Used_AI,1,2,3.4342984766002385,5
459,Used_AI,1,0,1.8909791375967304,4
460,Not_Used,0,10,1.6873189465550704,1
461,Not_Used,0,22,1.8482251271158687,2
462,Used_AI,1,0,2.8328072110862794,5
463,Used_AI,1,0,2.9973069672249464,5
464,Not_Used,0,10,0.8281953381743,1
465,Not_Used,0,20,1.0478055632731444,1
466,Used_AI,1,4,2.8724335623025485,5
467,Used_AI,1,5,2.944074485287495,4
468,Not_Used,0,10,1.211120636614178,2
469,Used_AI,1,3,2.504028829094421,4
470,Used_AI,1,0,0.5,1
471,Not_Used,0,15,2.284256868375919,3
472,Not_Used,0,11,2.461428252621825,4
473,Not_Used,0,10,2.19497209434876,5
474,Not_Used,0,16,2.0642791108351153,1
475,Not_Used,0,13,2.0531817555573846,3
476,Used_AI,1,2,1.5335627014817754,1
477,Not_Used,0,5,2.139488356690775,3
478,Used_AI,1,1,1.5085203781771157,1
479,Used_AI,1,1,1.7620655925444981,2
480,Not_Used,0,13,1.4574645056602866,1
481,Not_Used,0,23,2.6769698885713296,4
482,Not_Used,0,39,3.1056507763087216,5
483,Not_Used,0,11,1.5266182816696592,3
484,Used_AI,1,2,2.053724505797411,3
485,Used_AI,1,1,1.2649129529267653,1
486,Not_Used,0,20,1.7569960095478385,2
487,Not_Used,0,10,2.596688461236172,3
488,Not_Used,0,11,4.0122045104701245,5
489,Not_Used,0,18,1.32373184839546,1
490,Not_Used,0,14,3.558356553037158,5
491,Not_Used,0,21,2.8774137325913767,5
492,Used_AI,1,0,2.0464203129919443,4
493,Not_Used,0,16,3.013935158868754,5
494,Not_Used,0,22,3.0094683535657962,4
495,Used_AI,1,4,2.864628970468095,4
496,Not_Used,0,12,1.8737581138368007,3
497,Used_AI,1,4,2.557031071490533,5
498,Not_Used,0,38,2.629538301273611,5
499,Used_AI,1,0,1.333608300492815,2
500,Not_Used,0,10,1.7285230765318589,1
501,Not_Used,0,2,1.798340868281192,3
502,Not_Used,0,14,1.8360083603991098,2
503,Used_AI,1,2,1.717566897386006,3
504,Not_Used,0,3,2.1004068925805126,5
505,Not_Used,0,8,2.3111784589758635,2
506,Not_Used,0,29,2.345215836169042,3
507,Used_AI,1,2,2.303369702923345,3
508,Used_AI,1,1,2.01995665199931,5
509,Not_Used,0,17,1.3673372543497773,1
510,Used_AI,1,8,2.294343306861727,2
511,Not_Used,0,29,3.084805884314904,3
512,Used_AI,1,1,2.8309615488480233,5
513,Not_Used,0,12,1.7817461406015522,2
514,Used_AI,1,3,1.118592677318512,1
515,Not_Used,0,2,1.7288541424340604,4
516,Not_Used,0,13,1.370168458815285,2
517,Not_Used,0,10,1.2213478077552808,1
518,Not_Used,0,16,2.1003995738542023,2
519,Used_AI,1,4,2.54406170099842,3
520,Not_Used,0,7,1.7888234458398837,2
521,Used_AI,1,6,1.2191660230433374,1
522,Not_Used,0,49,3.586568942903219,5
523,Used_AI,1,4,2.97886684972818,5
524,Not_Used,0,4,2.4508376918817723,4
525,Not_Used,0,5,0.6383508995978062,1
526,Not_Used,0,9,0.5,3
527,Used_AI,1,3,2.4499533570738206,3
528,Not_Used,0,29,2.2899698859572215,4
529,Used_AI,1,3,2.6201516362400845,4
530,Not_Used,0,27,2.0449560882709914,2
531,Used_AI,1,1,2.689968228298422,3
532,Not_Used,0,12,2.614618566469678,4
533,Not_Used,0,28,3.3411731037874417,5
534,Used_AI,1,2,2.870391412639482,4
535,Not_Used,0,41,3.236995225736722,4
536,Not_Used,0,7,1.8906191334412417,3
537,Not_Used,0,34,3.7559591692993415,5
538,Not_Used,0,13,2.0166042786705427,4
539,Not_Used,0,4,1.5425300849002799,2
540,Used_AI,1,2,2.2443169873797437,5
541,Not_Used,0,4,2.274304344249552,4
542,Used_AI,1,1,1.8138892860086921,2
543,Not_Used,0,1,1.9080943732902216,2
544,Used_AI,1,1,1.5083681549862569,4
545,Used_AI,1,6,2.7082907054736016,4
546,Not_Used,0,19,2.8260120128668573,3
547,Used_AI,1,1,2.238418153941436,4
548,Used_AI,1,1,2.8071839411240602,5
549,Not_Used,0,12,2.3792970379186418,5
550,Used_AI,1,2,2.0646834793460984,3
551,Used_AI,1,1,3.010455101788769,5
552,Not_Used,0,2,1.102579286201903,1
553,Not_Used,0,30,2.9227022852252524,4
554,Not_Used,0,20,3.2763868184453324,5
555,Used_AI,1,5,1.865094300976454,3
556,Not_Used,0,12,2.1756869491050708,2
557,Not_Used,0,9,1.9962825467140866,2
558,Not_Used,0,13,2.6330611481217847,1
559,Not_Used,0,13,1.4570094259220336,2
560,Not_Used,0,11,2.3377377791003777,2
561,Used_AI,1,3,0.9865040345557269,1
562,Used_AI,1,0,1.6979695377560582,3
563,Not_Used,0,7,2.873517839190524,5
564,Not_Used,0,26,1.2356026098896766,1
565,Not_Used,0,10,2.836827081243589,5
566,Not_Used,0,21,2.466529131990076,4
567,Not_Used,0,57,3.0586845777125475,5
568,Used_AI,1,2,1.9937814920603332,2
569,Not_Used,0,14,3.1587569765432297,5
570,Not_Used,0,13,1.6563444955567848,1
571,Not_Used,0,46,3.267377362126286,5
572,Not_Used,0,50,2.904373424210195,3
573,Not_Used,0,13,2.532969944381061,4
574,Used_AI,1,3,1.224118222523026,1
575,Not_Used,0,19,2.394135828972451,1
576,Used_AI,1,1,2.437453806774596,4
577,Not_Used,0,18,2.061554185555507,1
578,Not_Used,0,28,2.4559176264339184,4
579,Not_Used,0,5,1.049446725265403,1
580,Not_Used,0,11,2.5475960871642225,5
581,Used_AI,1,6,1.4289821704951082,1
582,Used_AI,1,6,2.2351999484556604,4
583,Used_AI,1,4,2.5200579317385983,4
584,Not_Used,0,17,2.2167711005206345,2
585,Not_Used,0,33,2.6403025374168516,4
586,Not_Used,0,33,2.333243262476957,3
587,Used_AI,1,2,1.6142576653114074,2
588,Not_Used,0,24,1.801136018651051,1
589,Not_Used,0,16,1.2104289066581555,1
590,Used_AI,1,3,3.407115753124048,4
591,Used_AI,1,0,1.0219399163521257,1
592,Used_AI,1,3,2.853067160747767,3
593,Not_Used,0,29,2.8961869903330903,2
594,Not_Used,0,12,2.1660227829700927,4
595,Not_Used,0,15,1.6690668931560846,2
596,Used_AI,1,3,1.7301957341689338,2
597,Not_Used,0,15,3.208773294375195,4
598,Used_AI,1,0,1.6026621141487105,4
599,Used_AI,1,5,2.19823847604298,4
600,Not_Used,0,11,2.256197974731538,4
601,Used_AI,1,1,0.9993885963166882,1
602,Not_Used,0,20,2.9035686245606853,4
603,Used_AI,1,3,2.757583464306352,4
604,Not_Used,0,12,1.3863659531469628,1
605,Not_Used,0,6,2.130586379790509,3
606,Not_Used,0,10,1.8838270518054696,3
607,Used_AI,1,1,1.8288594570942998,3
608,Used_AI,1,0,2.082912769399462,4
609,Not_Used,0,28,3.005873161332445,5
610,Used_AI,1,3,2.577322528864932,5
611,Not_Used,0,20,1.9983665982509184,1
612,Not_Used,0,60,2.8122912701803413,4
613,Used_AI,1,2,2.623046989160794,5
614,Used_AI,1,3,2.5978004855307217,4
615,Not_Used,0,13,3.622750121013477,5
616,Not_Used,0,40,3.933725851437204,5
617,Not_Used,0,29,3.2613896309143575,5
618,Not_Used,0,8,2.415864762224444,3
619,Not_Used,0,19,2.4915610368371532,5
620,Not_Used,0,1,1.5959414842443869,3
621,Not_Used,0,45,2.7315014849035553,3
622,Not_Used,0,40,2.638355524973959,2
623,Used_AI,1,2,3.0041681619284444,5
624,Used_AI,1,4,2.1086087777870866,2
625,Used_AI,1,1,2.6184601286190055,5
626,Not_Used,0,3,2.027893373266859,4
627,Not_Used,0,20,1.2270244612656018,1
628,Used_AI,1,5,2.8066946498882883,4
629,Used_AI,1,1,1.1867595650181952,1
630,Not_Used,0,5,2.356981131958042,4
631,Not_Used,0,47,3.1827277309044213,5
632,Not_Used,0,11,2.656233992590912,2
633,Not_Used,0,6,1.495803916279485,3
634,Used_AI,1,2,2.5942584363123338,5
635,Not_Used,0,51,3.212708699812112,2
636,Not_Used,0,20,1.9067395559806426,1
637,Used_AI,1,3,2.9147919968495644,5
638,Used_AI,1,0,2.12089973992485,5
639,Used_AI,1,0,1.787502463185061,3
640,Used_AI,1,1,2.7092169094822496,5
641,Used_AI,1,10,3.0567066481162253,5
642,Not_Used,0,31,2.1589420106305277,2
643,Not_Used,0,8,1.7020305804373275,2
644,Not_Used,0,22,3.172025801516536,5
645,Not_Used,0,7,2.4265836591379317,5
646,Not_Used,0,14,3.0654394923333244,4
647,Not_Used,0,15,2.2354578247839267,1
648,Used_AI,1,2,2.877686440508862,5
649,Not_Used,0,5,1.5646508541298911,2
650,Not_Used,0,12,2.003841992287842,2
651,Used_AI,1,0,1.4626805919741006,4
652,Used_AI,1,5,3.144395536928636,5
653,Not_Used,0,9,2.4399138784038867,5
654,Not_Used,0,60,3.6969296441331307,4
655,Not_Used,0,7,2.642068205063162,4
656,Not_Used,0,20,2.813428192345752,3
657,Used_AI,1,6,2.9906912791950804,4
658,Not_Used,0,19,0.6865820670019509,1
659,Not_Used,0,10,1.9942579377534972,2
660,Not_Used,0,26,3.027191097705474,3
661,Used_AI,1,6,1.5129633148152322,1
662,Not_Used,0,11,2.6417456015702863,4
663,Not_Used,0,11,3.020770739527246,3
664,Used_AI,1,6,3.8601591436201454,5
665,Used_AI,1,1,3.327633792535379,5
666,Used_AI,1,1,1.821621624239761,2
667,Used_AI,1,0,1.9319097479209417,3
668,Not_Used,0,24,2.16343526140147,3
669,Used_AI,1,3,2.4589974322560493,2
670,Used_AI,1,2,2.5418650813384165,3
671,Not_Used,0,15,2.0458589240671823,2
672,Used_AI,1,4,2.3502333228469325,1
673,Not_Used,0,8,2.1747315077456664,4
674,Used_AI,1,2,2.39968545978597,4
675,Not_Used,0,38,2.301451595165181,2
676,Not_Used,0,22,2.4900310133171994,5
677,Not_Used,0,23,2.246205445076612,2
678,Not_Used,0,6,1.4173745134595768,3
679,Not_Used,0,17,3.1851025232359773,4
680,Used_AI,1,1,1.9647696326314883,3
681,Used_AI,1,0,1.6746297300958422,4
682,Used_AI,1,0,0.938063383237598,2
683,Not_Used,0,10,1.967093205557625,3
684,Not_Used,0,7,2.204150785540729,3
685,Not_Used,0,8,1.9246962491593926,2
686,Used_AI,1,0,1.249070537906499,3
687,Used_AI,1,6,1.5143769839124215,1
688,Not_Used,0,15,2.326218097852719,2
689,Used_AI,1,7,2.3843737061179464,2
690,Not_Used,0,15,2.204909522280024,3
691,Used_AI,1,3,2.3240581719168585,3
692,Not_Used,0,20,2.51175172785,3
693,Not_Used,0,10,2.742187040235129,4
694,Used_AI,1,2,2.203428761460051,5
695,Used_AI,1,3,1.2164626074202096,2
696,Used_AI,1,11,1.9341370550152228,1
697,Not_Used,0,21,2.6360061383546496,1
698,Used_AI,1,6,3.1118331260619274,2
699,Used_AI,1,3,2.922856271221689,2
700,Not_Used,0,24,2.025359749744276,2
701,Not_Used,0,13,0.8947185669272247,1
702,Used_AI,1,7,1.628980952157779,2
703,Not_Used,0,8,1.923987876371709,3
704,Used_AI,1,2,2.4720145833142593,4
705,Not_Used,0,11,2.4355012937834233,2
706,Used_AI,1,5,2.609894340783647,2
707,Not_Used,0,60,2.471962422842317,1
708,Not_Used,0,7,1.6601191231080894,3
709,Used_AI,1,7,1.796488638550996,2
710,Not_Used,0,10,2.547373090568523,4
711,Not_Used,0,29,1.9463660982336972,1
712,Not_Used,0,19,2.3752305780935994,2
713,Not_Used,0,7,1.7684911024251435,4
714,Not_Used,0,15,2.661219798573999,3
715,Not_Used,0,10,3.676039327950161,5
716,Used_AI,1,8,2.4806004054167206,4
717,Used_AI,1,2,1.3897287332235153,1
718,Not_Used,0,7,2.2594428829520243,3
719,Not_Used,0,3,0.7725915636563738,1
720,Not_Used,0,29,3.155837998671065,3
721,Used_AI,1,4,2.189763294243877,2
722,Not_Used,0,36,2.9074098275620632,5
723,Used_AI,1,9,2.5316998620738853,2
724,Not_Used,0,11,2.160933059072664,3
725,Not_Used,0,9,1.5118989911987326,2
726,Used_AI,1,1,2.498007091489536,5
727,Not_Used,0,5,2.036638362156066,2
728,Used_AI,1,1,3.137856775002981,5
729,Used_AI,1,11,3.5088157419327466,4
730,Not_Used,0,7,2.878937218069148,4
731,Not_Used,0,18,2.3454328709206953,4
732,Used_AI,1,2,3.0131201462710715,4
733,Used_AI,1,2,0.68308877553297,1
734,Used_AI,1,6,2.110320288673156,2
735,Not_Used,0,31,2.304889793852351,5
736,Not_Used,0,14,2.080453363173105,3
737,Not_Used,0,6,1.0742802014885562,1
738,Not_Used,0,8,2.2630625177476134,3
739,Used_AI,1,1,2.960648883325838,5
740,Not_Used,0,50,2.9189867624494354,5
741,Not_Used,0,13,2.0675304317927603,3
742,Used_AI,1,4,2.7826145124194452,5
743,Not_Used,0,10,1.2655117001505651,2
744,Used_AI,1,1,0.5482351075713291,1
745,Not_Used,0,40,1.9148703803713103,1
746,Used_AI,1,2,3.5506130977884025,5
747,Not_Used,0,12,2.1655634884529036,2
748,Not_Used,0,3,1.8976932563394469,3
749,Not_Used,0,15,1.559662191898787,2
750,Not_Used,0,17,3.785902791150566,5
751,Not_Used,0,13,3.589043214736772,5
752,Not_Used,0,11,2.5040147897814165,5
753,Not_Used,0,26,2.1566854516353664,3
754,Used_AI,1,0,2.0407182335569756,4
755,Not_Used,0,4,1.3432092716785176,1
756,Used_AI,1,3,2.7494675332723437,5
757,Not_Used,0,53,2.089504057770281,1
758,Used_AI,1,5,2.426484407410788,3
759,Not_Used,0,15,1.8045514438579382,1
760,Not_Used,0,13,2.4400609310615207,2
761,Used_AI,1,2,1.4455851234783346,2
762,Used_AI,1,3,2.4271962565854928,2
763,Used_AI,1,3,1.8335943514787407,2
764,Not_Used,0,6,1.365178777160833,2
765,Used_AI,1,3,3.141139963122483,5
766,Used_AI,1,0,1.290794052648995,1
767,Not_Used,0,25,2.9540733034205884,3
768,Not_Used,0,40,2.768089439547246,5
769,Used_AI,1,5,2.109408674180993,2
770,Used_AI,1,4,2.389560372979675,2
771,Used_AI,1,0,1.545053831307106,3
772,Not_Used,0,13,2.416008397547473,5
773,Not_Used,0,20,2.698189966216225,3
774,Not_Used,0,1,0.9257288213235907,2
775,Used_AI,1,2,3.215874652299061,4
776,Not_Used,0,18,2.444566101715668,1
777,Not_Used,0,11,2.7762813856789013,4
778,Used_AI,1,0,2.2995386954516963,4
779,Not_Used,0,11,2.0659749643951106,2
780,Used_AI,1,4,2.1346113613121167,2
781,Not_Used,0,5,2.0644514446703233,1
782,Not_Used,0,17,2.7217568440491458,4
783,Not_Used,0,19,2.9107082920604137,5
784,Used_AI,1,6,1.5280646903249058,2
785,Not_Used,0,35,2.8293475168695887,4
786,Not_Used,0,6,1.2642198241460154,1
787,Not_Used,0,17,2.442093208856918,2
788,Not_Used,0,7,2.217993176523847,3
789,Not_Used,0,27,1.8615204575942688,1
790,Not_Used,0,28,1.2879365170207553,1
791,Used_AI,1,1,1.4913437370359244,2
792,Not_Used,0,33,2.634902625588071,4
793,Not_Used,0,20,2.198972879010176,3
794,Not_Used,0,18,1.50608251779526,1
795,Used_AI,1,2,1.745563750735518,1
796,Not_Used,0,19,2.144272001229446,2
797,Not_Used,0,22,2.5963482637358513,4
798,Used_AI,1,4,0.5991834418753407,1
799,Not_Used,0,36,2.4442559837449602,2
800,Used_AI,1,0,1.001868317282619,2
801,Used_AI,1,1,2.735227349897436,5
802,Not_Used,0,9,2.1088480658739064,2
803,Not_Used,0,10,2.4345270269196075,4
804,Not_Used,0,12,2.479625086630259,3
805,Used_AI,1,0,0.5,1
806,Not_Used,0,38,2.34076959386915,4
807,Used_AI,1,0,1.9337982618881042,3
808,Used_AI,1,1,1.9545421324463101,4
809,Used_AI,1,0,2.7247831880165805,5
810,Not_Used,0,10,0.6753209082280556,1
811,Not_Used,0,32,3.6343679936561584,5
812,Not_Used,0,13,2.0228692012559844,2
813,Not_Used,0,20,1.88868591369671,4
814,Used_AI,1,0,1.7814443552532033,3
815,Not_Used,0,9,1.3330726181790657,2
816,Not_Used,0,7,1.8027886959598391,2
817,Not_Used,0,8,2.339043768990214,4
818,Used_AI,1,0,0.9727322007935872,1
819,Not_Used,0,13,3.3435864301937266,4
820,Not_Used,0,8,1.3249220981316443,2
821,Not_Used,0,17,1.7701244912130671,1
822,Used_AI,1,7,2.4619225060531598,2
823,Used_AI,1,1,2.811987559711763,5
824,Not_Used,0,12,2.0445797078499504,2
825,Used_AI,1,2,2.2200627788055365,4
826,Not_Used,0,24,1.9457113166452014,2
827,Not_Used,0,11,2.1263432428033906,4
828,Used_AI,1,2,2.900074826288726,4
829,Not_Used,0,39,3.7835378709335923,5
830,Used_AI,1,8,2.9198106638377226,3
831,Used_AI,1,0,1.850381125724848,4
832,Not_Used,0,11,1.9802622422069003,3
833,Used_AI,1,3,2.58153232972687,5
834,Not_Used,0,19,2.1824437491134954,2
835,Not_Used,0,20,2.3743943417167155,4
836,Not_Used,0,46,3.382175620212303,3
837,Not_Used,0,8,1.5237387099428628,3
838,Used_AI,1,7,2.841586898849014,3
839,Not_Used,0,16,3.0861474187213394,3
840,Used_AI,1,1,2.0837950505268688,3
841,Not_Used,0,9,2.2986601137795932,3
842,Not_Used,0,9,2.5226996071939523,5
843,Used_AI,1,1,1.9063527233144835,5
844,Not_Used,0,6,2.720961399437608,5
845,Not_Used,0,23,2.8459106654372217,2
846,Not_Used,0,23,1.8510611218337472,1
847,Used_AI,1,1,2.0456766351697233,5
848,Used_AI,1,1,1.4334938833731354,5
849,Used_AI,1,3,2.602692972028673,5
850,Not_Used,0,24,2.1400972799630495,2
851,Used_AI,1,1,2.6227562120134986,3
852,Not_Used,0,15,1.7585468845263825,1
853,Used_AI,1,1,1.9387126620928898,2
854,Not_Used,0,11,2.5322000506844713,5
855,Not_Used,0,5,1.4501898111747404,2
856,Not_Used,0,18,3.2602745282701737,4
857,Used_AI,1,3,2.2918208927973427,3
858,Not_Used,0,12,1.546967980326986,4
859,Used_AI,1,3,1.3334509404299613,1
860,Not_Used,0,15,2.0083538010042123,3
861,Not_Used,0,24,0.7734767408259328,1
862,Used_AI,1,1,2.1007789825193037,3
863,Not_Used,0,24,1.6293357553720107,1
864,Used_AI,1,10,3.455267913360018,5
865,Used_AI,1,1,2.9221292904502993,4
866,Not_Used,0,6,1.9331151146904904,4
867,Used_AI,1,2,3.5495810943045907,5
868,Not_Used,0,14,1.540238783480031,1
869,Not_Used,0,17,3.265509580761273,5
870,Used_AI,1,1,2.2906989808525213,5
871,Not_Used,0,8,2.0099798407253995,3
872,Not_Used,0,20,3.163455846710093,5
873,Not_Used,0,33,2.2309315496761983,1
874,Not_Used,0,8,1.365385817922419,2
875,Not_Used,0,36,1.8909064324588112,2
876,Used_AI,1,9,3.657057564644731,2
877,Used_AI,1,6,1.8092478897973965,1
878,Not_Used,0,22,3.345424195388117,5
879,Not_Used,0,8,1.3064061065402934,3
880,Not_Used,0,7,2.096184012888503,4
881,Not_Used,0,8,1.7428343941346702,2
882,Not_Used,0,22,1.7330220640685343,1
883,Not_Used,0,21,1.4824640041422619,4
884,Used_AI,1,6,1.5969436422470829,1
885,Used_AI,1,4,1.9941844117406733,3
886,Used_AI,1,8,2.1475003237576855,1
887,Not_Used,0,10,2.738264429999487,5
888,Not_Used,0,3,1.8680060271650847,5
889,Not_Used,0,18,2.321201443145009,3
890,Not_Used,0,7,2.2426981676579905,5
891,Used_AI,1,4,1.8112851710559519,2
892,Used_AI,1,1,1.7382064905797683,4
893,Used_AI,1,3,1.7567572548467925,3
894,Not_Used,0,35,3.172600437021023,3
895,Used_AI,1,4,2.552169702417996,5
896,Used_AI,1,2,2.454827643065125,4
897,Used_AI,1,7,3.113483540527971,4
898,Not_Used,0,4,0.7703538058530749,1
899,Used_AI,1,0,0.6808645988772439,1
900,Used_AI,1,4,2.566786414819262,3
901,Not_Used,0,9,2.614893753426805,3
902,Not_Used,0,9,1.0882060688260689,1
903,Used_AI,1,5,3.540977002855593,5
904,Not_Used,0,7,2.09697580631179,5
905,Not_Used,0,40,2.829207585405089,4
906,Used_AI,1,5,2.6497136765723264,3
907,Used_AI,1,3,1.8660727397468417,3
908,Used_AI,1,3,1.6094595692356026,1
909,Used_AI,1,7,2.093378698006897,3
910,Not_Used,0,17,2.5158564177824383,3
911,Used_AI,1,2,1.8798023458821034,1
912,Not_Used,0,14,2.0114507411551474,4
913,Used_AI,1,0,1.2294816588071464,3
914,Used_AI,1,6,1.7664906867061352,1
915,Not_Used,0,17,2.4107924854978093,2
916,Used_AI,1,4,1.6471695834421731,2
917,Used_AI,1,9,3.5868678584878033,5
918,Used_AI,1,2,2.6358086501230935,4
919,Not_Used,0,16,1.6247219968210018,1
920,Used_AI,1,0,0.806758780906351,4
921,Not_Used,0,22,1.880981695625986,1
922,Used_AI,1,2,3.4203096598474105,5
923,Not_Used,0,24,2.2986527045061425,2
924,Not_Used,0,5,1.4574432720039312,3
925,Not_Used,0,15,2.766682914121294,5
926,Used_AI,1,4,2.421393856235436,1
927,Not_Used,0,28,2.2123442557823174,1
928,Used_AI,1,1,1.917364447975166,2
929,Used_AI,1,2,2.7995096041053125,5
930,Not_Used,0,8,1.0547619483196775,1
931,Used_AI,1,1,0.5,1
932,Used_AI,1,2,2.0054204606732458,2
933,Not_Used,0,34,3.1178393509770035,4
934,Not_Used,0,45,3.9351549911718138,5
935,Used_AI,1,5,2.7578245470217437,2
936,Not_Used,0,30,1.8001278359176411,2
937,Not_Used,0,9,2.7875823918859117,5
938,Used_AI,1,3,1.5263398998756759,1
939,Not_Used,0,14,2.3365038249072336,2
940,Not_Used,0,12,2.069498182592176,3
941,Not_Used,0,54,4.19318632104285,4
942,Used_AI,1,3,1.5979566328590424,2
943,Not_Used,0,13,1.839568059032604,3
944,Used_AI,1,0,0.5,1
945,Used_AI,1,1,2.4946277971695294,2
946,Used_AI,1,0,1.5480004655817297,4
947,Not_Used,0,60,2.246871182283188,1
948,Not_Used,0,19,2.8587024894226722,3
949,Not_Used,0,18,2.5940669801128315,4
950,Not_Used,0,8,1.7737736886934872,2
951,Not_Used,0,4,2.1552602112266137,3
952,Used_AI,1,1,1.5544014052901136,1
953,Used_AI,1,4,2.906169560548539,3
954,Not_Used,0,5,2.7383994281119786,4
955,Not_Used,0,16,2.5345730421088484,3
956,Used_AI,1,9,2.3854128862300166,2
957,Used_AI,1,0,1.8711899081494683,3
958,Used_AI,1,0,2.1633338656836347,4
959,Used_AI,1,1,0.6900150327911553,1
960,Not_Used,0,6,2.557657699171158,5
961,Not_Used,0,32,2.909126503576953,2
962,Not_Used,0,12,3.0451711817467473,4
963,Not_Used,0,19,2.3938951933908417,5
964,Not_Used,0,7,1.349948228752929,1
965,Not_Used,0,5,1.2865055130993546,2
966,Used_AI,1,1,1.726269021195446,2
967,Not_Used,0,25,2.2723683385405073,2
968,Not_Used,0,18,3.5130192282019674,5
969,Used_AI,1,2,1.6194883080958518,2
970,Not_Used,0,8,1.0357803073019334,2
971,Used_AI,1,8,2.516066912711018,3
972,Not_Used,0,11,1.9514877649572222,1
973,Not_Used,0,35,1.3393966506903399,2
974,Not_Used,0,10,2.792855600417236,4
975,Used_AI,1,9,2.7889473545868015,2
976,Used_AI,1,0,2.0154451157560467,3
977,Used_AI,1,0,1.252335882408983,2
978,Used_AI,1,2,0.5,1
979,Used_AI,1,0,1.9775303591934243,4
980,Not_Used,0,16,3.720613123061444,5
981,Not_Used,0,15,2.6881250264929997,3
982,Used_AI,1,1,1.8131130283585126,3
983,Not_Used,0,21,2.817482789086815,4
984,Not_Used,0,2,0.791645159681925,1
985,Used_AI,1,4,2.9253617711148743,5
986,Used_AI,1,3,2.8376144357829647,3
987,Used_AI,1,5,2.6969288754842564,5
988,Used_AI,1,3,1.476724696734777,2
989,Not_Used,0,8,2.546310538824446,5
990,Not_Used,0,6,1.7698427973198982,4
991,Not_Used,0,51,3.1155832470957914,4
992,Used_AI,1,0,2.241948044725529,3
993,Used_AI,1,1,1.720619780647201,3
994,Used_AI,1,0,1.692365620070615,5
995,Not_Used,0,11,2.600120410736035,3
996,Used_AI,1,0,1.003752228158966,1
997,Not_Used,0,21,1.6193268208311873,1
998,Not_Used,0,8,1.794545248151027,3
999,Not_Used,0,8,2.440153574550623,4
1000,Not_Used,0,9,2.741489291861691,3
1001,Used_AI,1,2,2.497824966087248,5
1002,Used_AI,1,2,0.5,1
1003,Used_AI,1,4,2.7715056513691145,3
1004,Not_Used,0,10,1.5697957256826907,1
1005,Used_AI,1,2,2.613892108234929,4
1006,Used_AI,1,1,1.6850810415891935,3
1007,Not_Used,0,42,3.3120365246863024,4
1008,Used_AI,1,0,1.2383872215976093,2
1009,Not_Used,0,19,2.7306511684890746,5
1010,Not_Used,0,18,2.9182758162182703,5
1011,Not_Used,0,4,1.5948643036697254,4
1012,Used_AI,1,1,2.239494764295266,3
1013,Used_AI,1,1,2.186986958179225,4
1014,Not_Used,0,14,1.7554894634933147,2
1015,Not_Used,0,12,2.640607778433997,5
1016,Not_Used,0,18,3.2186391185606356,5
1017,Not_Used,0,33,3.5038215144622824,5
1018,Not_Used,0,14,2.154855058067268,2
1019,Used_AI,1,2,2.315532837086409,4
1020,Used_AI,1,3,1.8038598727486606,1
1021,Not_Used,0,22,2.900687743436143,4
1022,Used_AI,1,2,2.3032961363706916,4
1023,Used_AI,1,0,0.5,1
1024,Not_Used,0,14,1.6430390029474538,1
1025,Not_Used,0,6,2.0388991485199224,2
1026,Not_Used,0,30,2.276355962334989,2
1027,Not_Used,0,12,1.4650776007065585,1
1028,Used_AI,1,1,2.94487432413357,4
1029,Not_Used,0,35,3.135038572551542,3
1030,Used_AI,1,3,1.8789262544777354,3
1031,Used_AI,1,4,2.312070146654206,2
1032,Not_Used,0,6,2.550057649092478,5
1033,Used_AI,1,0,2.614928253831742,5
1034,Not_Used,0,8,1.8920456188372612,2
1035,Used_AI,1,1,2.1604250645455423,2
1036,Not_Used,0,6,2.362216030188702,4
1037,Used_AI,1,5,2.447351197894454,2
1038,Not_Used,0,17,2.7033263336200557,3
1039,Not_Used,0,19,2.8614335017190804,4
1040,Used_AI,1,1,0.8091268809360681,1
1041,Used_AI,1,5,3.339168686292229,5
1042,Used_AI,1,5,2.578306294745737,3
1043,Used_AI,1,1,1.7046285994537527,2
1044,Not_Used,0,19,2.1189979968061228,3
1045,Not_Used,0,14,1.9639678701015917,3
1046,Used_AI,1,2,0.7507977222983986,1
1047,Not_Used,0,5,2.1073795866990093,5
1048,Used_AI,1,1,1.691418765772449,3
1049,Not_Used,0,11,2.345756911352117,4
1050,Used_AI,1,1,2.5426660145640794,5
1051,Not_Used,0,51,2.1613976333933644,1
1052,Not_Used,0,18,1.672230145133247,4
1053,Used_AI,1,5,3.0857434507214134,2
1054,Not_Used,0,10,3.0171355458837477,5
1055,Not_Used,0,29,1.6751691829759658,1
1056,Not_Used,0,9,2.834483156098291,3
1057,Used_AI,1,2,1.4474964654721205,2
1058,Used_AI,1,5,3.487623394528794,4
1059,Not_Used,0,22,2.3031341493555417,4
1060,Not_Used,0,12,1.9676619656901444,2
1061,Not_Used,0,12,1.360357880842911,2
1062,Not_Used,0,24,2.438095283886362,3
1063,Not_Used,0,26,2.2244802319434833,1
1064,Not_Used,0,30,2.9327105970663,5
1065,Used_AI,1,1,2.047056275818636,2
1066,Not_Used,0,9,0.7071457073317007,1
1067,Not_Used,0,16,1.9369084179605798,2
1068,Not_Used,0,16,1.5872881000795647,1
1069,Not_Used,0,11,1.7026902612310062,1
1070,Used_AI,1,2,1.2559028953285674,1
1071,Not_Used,0,19,2.819158333532056,3
1072,Not_Used,0,15,3.4624406201528006,5
1073,Used_AI,1,1,1.5214389950405578,4
1074,Used_AI,1,7,2.8051988765259877,2
1075,Not_Used,0,2,2.691566092430475,4
1076,Used_AI,1,4,2.205614539428522,2
1077,Used_AI,1,0,1.388850030007339,2
1078,Not_Used,0,6,1.8159848552532964,1
1079,Used_AI,1,9,1.8488110396231128,1
1080,Not_Used,0,11,2.0719128960506255,2
1081,Used_AI,1,13,2.6989321137033753,3
1082,Not_Used,0,21,2.4435591577480618,3
1083,Used_AI,1,2,2.1567210922381816,2
1084,Used_AI,1,1,1.6376897092283627,1
1085,Not_Used,0,22,3.184490671653177,4
1086,Used_AI,1,2,1.10746187607621,1
1087,Not_Used,0,44,2.8976362501604673,4
1088,Not_Used,0,22,2.7112921153048397,1
1089,Not_Used,0,8,1.6425408627524862,2
1090,Not_Used,0,47,2.0951013239802494,1
1091,Used_AI,1,1,1.6890930050496684,2
1092,Used_AI,1,4,2.5416061795470926,5
1093,Not_Used,0,12,3.1332054715633153,4
1094,Used_AI,1,5,2.8191502462009397,5
1095,Not_Used,0,31,2.3964514246040864,4
1096,Used_AI,1,0,0.753124799958724,1
1097,Not_Used,0,9,1.1549570243436262,2
1098,Not_Used,0,10,1.5085435585673441,2
1099,Not_Used,0,12,2.504015755863204,5
1100,Used_AI,1,3,1.8146009305821087,1
1101,Used_AI,1,5,2.7365522306011485,5
1102,Not_Used,0,22,3.2557961956575836,5
1103,Used_AI,1,2,3.5928385254442654,5
1104,Not_Used,0,21,2.5440438195436172,2
1105,Used_AI,1,9,3.1702808034137178,4
1106,Not_Used,0,17,3.553420420110124,5
1107,Not_Used,0,15,1.3902206743714403,2
1108,Used_AI,1,2,1.2491538779308393,1
1109,Not_Used,0,10,0.8749777049387331,1
1110,Not_Used,0,24,3.121636896837666,4
1111,Not_Used,0,6,2.065889911290623,1
1112,Not_Used,0,40,2.6991979546022855,2
1113,Not_Used,0,7,1.453977150609548,4
1114,Not_Used,0,1,1.425354563473186,3
1115,Not_Used,0,5,2.17842258993309,4
1116,Not_Used,0,36,2.7904550630622227,3
1117,Used_AI,1,4,2.775751448084317,5
1118,Not_Used,0,24,2.1095088366326555,1
1119,Not_Used,0,25,1.6677407112115723,2
1120,Used_AI,1,5,1.8308866553277565,2
1121,Used_AI,1,1,2.676727513989123,4
1122,Not_Used,0,15,2.352969490741514,5
1123,Not_Used,0,4,2.284672466829797,4
1124,Not_Used,0,18,2.421736915249117,5
1125,Not_Used,0,7,2.1486865365004384,1
1126,Used_AI,1,7,3.095459083530559,5
1127,Not_Used,0,18,3.0499282738013274,5
1128,Used_AI,1,5,3.0647762020477476,4
1129,Not_Used,0,7,2.6965360900570268,5
1130,Used_AI,1,5,1.6630921149081777,1
1131,Used_AI,1,5,2.5101775570786033,2
1132,Not_Used,0,8,2.0954833935949058,2
1133,Not_Used,0,19,3.075631545689451,4
1134,Used_AI,1,5,1.9722313522221633,1
1135,Not_Used,0,8,2.39898469598579,4
1136,Not_Used,0,13,3.880534427054473,5
1137,Used_AI,1,3,3.0892496668228002,4
1138,Used_AI,1,3,2.1323647239364307,4
1139,Not_Used,0,32,2.1446616196424384,1
1140,Not_Used,0,15,1.7515527503219532,2
1141,Not_Used,0,10,2.7298338681984373,5
1142,Not_Used,0,12,2.1238561818540456,4
1143,Used_AI,1,0,1.4367739659563117,3
1144,Not_Used,0,11,2.70963019630982,2
1145,Not_Used,0,8,1.2976164147290006,1
1146,Not_Used,0,9,0.5891432645948148,1
1147,Used_AI,1,5,3.855208339851555,5
1148,Used_AI,1,1,1.7104076016819374,1
1149,Used_AI,1,2,2.133110724864243,3
1150,Not_Used,0,36,3.434994569168575,5
1151,Used_AI,1,6,1.668628191173167,1
1152,Used_AI,1,7,2.6891649426433073,3
1153,Used_AI,1,0,2.7082683854250464,5
1154,Used_AI,1,0,1.5347394701279091,3
1155,Not_Used,0,15,2.9953443519473004,5
1156,Not_Used,0,9,1.261413118645986,1
1157,Not_Used,0,8,2.5768187387106845,5
1158,Used_AI,1,3,2.7776383852048863,3
1159,Not_Used,0,16,2.724979983911128,4
1160,Not_Used,0,2,1.6914655667407497,4
1161,Used_AI,1,2,2.083660509124706,2
1162,Not_Used,0,7,2.1945909059020483,3
1163,Not_Used,0,4,0.6148153666482097,1
1164,Not_Used,0,3,2.5181405189503,4
1165,Not_Used,0,12,2.452523681786597,4
1166,Not_Used,0,12,2.546480213977941,4
1167,Not_Used,0,20,3.018031494197606,5
1168,Used_AI,1,6,2.3307008471890427,4
1169,Used_AI,1,0,1.4913871822561677,3
1170,Used_AI,1,3,1.8316368763759956,1
1171,Not_Used,0,46,2.306083180849626,2
1172,Not_Used,0,10,3.2614967723346515,5
1173,Not_Used,0,14,3.0883501243846747,5
1174,Used_AI,1,0,1.791880394303837,3
1175,Not_Used,0,8,2.1056493463914645,3
1176,Used_AI,1,0,1.4925059040661455,1
1177,Not_Used,0,10,2.904547634382332,5
1178,Not_Used,0,30,2.911671487795334,4
1179,Not_Used,0,41,3.660363329961612,5
1180,Not_Used,0,9,1.3000970480913636,1
1181,Not_Used,0,7,2.04553895521735,2
1182,Not_Used,0,34,2.721780292044,3
1183,Not_Used,0,13,2.3780709166365064,4
1184,Used_AI,1,0,1.857303356542244,3
1185,Not_Used,0,7,1.0952096610871636,2
1186,Used_AI,1,3,2.56155702363478,5
1187,Not_Used,0,7,2.803431797456539,4
1188,Not_Used,0,7,1.699848742758173,1
1189,Not_Used,0,10,2.8177359386109933,5
1190,Used_AI,1,5,3.1830364589404962,5
1191,Used_AI,1,2,2.3481135830213096,3
1192,Not_Used,0,8,1.5120237436081374,3
1193,Not_Used,0,21,2.5737411127620953,4
1194,Not_Used,0,13,2.471380058523474,2
1195,Used_AI,1,4,2.255313706632199,3
1196,Not_Used,0,32,1.3950908466402683,1
1197,Not_Used,0,29,2.7820584700926547,5
1198,Used_AI,1,2,1.222960574289458,1
1199,Used_AI,1,0,2.074820330683388,5
1200,Not_Used,0,16,2.3629218915024857,2
1201,Not_Used,0,21,2.409508855293845,3
1202,Not_Used,0,41,2.6906199403139013,2
1203,Not_Used,0,26,1.9539388429651094,2
1204,Not_Used,0,11,2.7670921393360572,5
1205,Not_Used,0,9,0.7868406562852248,1
1206,Used_AI,1,0,2.369046842335291,5
1207,Not_Used,0,3,1.6062410061159964,4
1208,Not_Used,0,7,1.7945273144466642,1
1209,Not_Used,0,11,2.130872699597625,1
1210,Used_AI,1,9,3.077569731425372,5
1211,Not_Used,0,16,1.6641827396936946,1
1212,Used_AI,1,3,1.5362942363121286,1
1213,Not_Used,0,9,3.7426457902509824,5
1214,Used_AI,1,1,1.9426671970428009,4
1215,Not_Used,0,6,2.1804514482163797,1
1216,Not_Used,0,16,1.934945027282152,3
1217,Not_Used,0,14,1.374483352155,1
1218,Not_Used,0,56,3.0929893936058424,5
1219,Used_AI,1,3,2.4520494294952924,5
1220,Not_Used,0,8,2.23773343668206,4
1221,Used_AI,1,4,2.343213138688797,4
1222,Used_AI,1,6,3.1005246893560243,5
1223,Not_Used,0,23,2.9344534944226224,3
1224,Not_Used,0,13,2.154203318140969,1
1225,Not_Used,0,25,3.107694170974873,4
1226,Used_AI,1,2,3.3169894245205183,5
1227,Not_Used,0,24,2.0172678096661754,1
1228,Used_AI,1,0,1.1745720352535578,2
1229,Not_Used,0,26,2.3452947635504207,4
1230,Used_AI,1,4,2.61923292195501,3
1231,Used_AI,1,4,1.425818958567747,1
1232,Not_Used,0,8,2.242250387379566,5
1233,Not_Used,0,33,4.231729873337018,5
1234,Used_AI,1,0,2.571301937337023,3
1235,Not_Used,0,5,1.6219876980898138,1
1236,Not_Used,0,23,2.139324130530299,1
1237,Not_Used,0,6,2.0090127232551223,3
1238,Used_AI,1,2,2.295387185183182,5
1239,Not_Used,0,6,2.4608165803172497,4
1240,Not_Used,0,5,2.1432175965398206,3
1241,Not_Used,0,29,2.2945105483223065,2
1242,Not_Used,0,17,1.7131167035573764,1
1243,Not_Used,0,8,2.881149725529368,5
1244,Not_Used,0,53,2.8581862159475127,5
1245,Not_Used,0,7,0.9493994917703047,1
1246,Used_AI,1,0,2.0471655626650214,5
1247,Used_AI,1,3,2.6115033033778956,4
1248,Not_Used,0,6,2.2430041773513185,5
1249,Used_AI,1,2,1.1126315327957408,1
1250,Not_Used,0,35,1.6681932727838453,1
1251,Not_Used,0,17,2.177420715341234,3
1252,Used_AI,1,3,2.038497131416498,4
1253,Not_Used,0,10,3.092220517397737,5
1254,Not_Used,0,15,3.1609964060693487,4
1255,Not_Used,0,34,2.5549951351164535,3
1256,Not_Used,0,25,2.606582469296175,1
1257,Used_AI,1,8,3.829046289950265,5
1258,Not_Used,0,17,2.1848900091822503,1
1259,Not_Used,0,9,2.965142651638534,5
1260,Not_Used,0,9,1.9878418676925396,2
1261,Used_AI,1,1,3.0243953545724134,5
1262,Used_AI,1,1,2.2254019101752145,4
1263,Not_Used,0,9,1.2995279918894038,3
1264,Used_AI,1,3,2.2334282961945218,2
1265,Used_AI,1,0,0.9807959224743921,2
1266,Not_Used,0,15,2.138337343807377,4
1267,Used_AI,1,0,1.6763571259664796,3
1268,Not_Used,0,10,1.8242024540636077,2
1269,Not_Used,0,9,1.4733880895125502,3
1270,Not_Used,0,41,2.8005529878261783,3
1271,Used_AI,1,7,1.8737197194308317,1
1272,Used_AI,1,0,1.367769018292374,4
1273,Not_Used,0,9,2.1401667571787186,1
1274,Not_Used,0,22,1.2534631547168098,1
1275,Not_Used,0,60,2.847607029862351,1
1276,Used_AI,1,6,1.4409285481662575,1
1277,Used_AI,1,4,1.7692844101791105,1
1278,Not_Used,0,28,1.4355944241850762,2
1279,Used_AI,1,2,2.993429674451676,5
1280,Not_Used,0,11,2.022415693054875,2
1281,Not_Used,0,6,2.0327742711163435,3
1282,Not_Used,0,0,1.175008262432215,4
1283,Used_AI,1,5,2.2699609487264487,3
1284,Not_Used,0,3,2.168006661899884,3
1285,Not_Used,0,13,1.670298904045661,1
1286,Not_Used,0,35,3.975172300128759,5
1287,Used_AI,1,3,2.8656030678234914,5
1288,Not_Used,0,20,1.4025617506791397,1
1289,Used_AI,1,0,1.3504887746125487,1
1290,Not_Used,0,9,1.3319388812076896,2
1291,Used_AI,1,0,0.5584348357500604,1
1292,Not_Used,0,32,3.2905797898557907,4
1293,Not_Used,0,17,1.5232390302658816,2
1294,Not_Used,0,12,2.580887370766897,5
1295,Not_Used,0,20,3.760494147490404,5
1296,Not_Used,0,12,1.77473969915104,3
1297,Not_Used,0,41,3.2822087383044813,5
1298,Not_Used,0,15,2.8896197781642754,5
1299,Not_Used,0,31,1.180069290443536,2
1300,Not_Used,0,8,1.5638543993963818,2
1301,Used_AI,1,1,2.2993034655225237,3
1302,Not_Used,0,9,2.6935758520541344,5
1303,Not_Used,0,1,1.9081973450720875,3
1304,Not_Used,0,10,1.215663342061676,1
1305,Not_Used,0,7,1.9153661715333774,2
1306,Used_AI,1,11,2.5301883134288192,3
1307,Used_AI,1,0,0.9714427374626882,3
1308,Used_AI,1,2,2.5750263967705496,5
1309,Used_AI,1,8,1.4401171229525493,1
1310,Not_Used,0,36,3.3009961731321047,4
1311,Used_AI,1,5,2.628195815704397,5
1312,Not_Used,0,6,3.2237044685932448,5
1313,Not_Used,0,15,2.0004670996749585,2
1314,Not_Used,0,11,2.3986179568950474,4
1315,Used_AI,1,4,3.365897446536372,4
1316,Not_Used,0,6,1.9007339785126616,3
1317,Not_Used,0,2,1.8346629394674643,3
1318,Not_Used,0,40,2.9184418619841908,4
1319,Not_Used,0,1,0.5,1
1320,Not_Used,0,5,3.177726182477127,4
1321,Used_AI,1,0,1.1036389646330296,3
1322,Used_AI,1,3,2.82303162170533,3
1323,Not_Used,0,18,3.6637693157223437,5
1324,Used_AI,1,2,1.6529498532399016,2
1325,Used_AI,1,1,2.3239971155790795,2
1326,Not_Used,0,7,2.288309222818887,5
1327,Not_Used,0,0,0.575262684655443,2
1328,Used_AI,1,1,1.204743400756881,2
1329,Not_Used,0,19,2.489613583654755,3
1330,Not_Used,0,17,2.3312903037483697,5
1331,Not_Used,0,29,2.8376057850380465,3
1332,Not_Used,0,23,1.7503342922344254,1
1333,Not_Used,0,13,1.797797073220075,2
1334,Used_AI,1,0,1.3247384971281568,2
1335,Not_Used,0,18,2.231716419479828,3
1336,Not_Used,0,22,2.231665578462959,4
1337,Not_Used,0,19,3.727944983219574,4
1338,Not_Used,0,8,0.9960170806986288,1
1339,Used_AI,1,3,2.0028598258037906,5
1340,Not_Used,0,22,2.243642633481416,3
1341,Not_Used,0,15,2.4943908373437735,5
1342,Not_Used,0,47,3.301037814424699,4
1343,Used_AI,1,2,2.7404873146071376,5
1344,Used_AI,1,3,2.702054093663013,4
1345,Used_AI,1,2,2.671229919716432,5
1346,Not_Used,0,18,2.5271608108526964,4
1347,Used_AI,1,2,1.9064245900830967,3
1348,Used_AI,1,0,2.7037408179846785,5
1349,Not_Used,0,60,3.623001480955205,5
1350,Used_AI,1,0,2.04951767249858,4
1351,Not_Used,0,21,1.9983099049225053,1
1352,Not_Used,0,5,1.4723735422591342,1
1353,Not_Used,0,22,2.954332402395282,4
1354,Used_AI,1,9,2.951599567362928,3
1355,Not_Used,0,27,2.369359750637491,2
1356,Not_Used,0,31,3.1323082074031836,3
1357,Used_AI,1,0,2.10184387478833,5
1358,Used_AI,1,0,1.7512862683316013,4
1359,Used_AI,1,3,1.2518539767500656,1
1360,Not_Used,0,13,2.273034343722734,3
1361,Not_Used,0,26,1.3743586094878015,2
1362,Not_Used,0,7,2.0227882968915245,2
1363,Not_Used,0,11,1.9434775893001577,2
1364,Used_AI,1,2,2.255260805053609,2
1365,Not_Used,0,19,1.5019582992489027,1
1366,Not_Used,0,41,2.54991319238725,3
1367,Used_AI,1,3,2.530206154386939,2
1368,Not_Used,0,8,1.1674197446446148,1
1369,Used_AI,1,1,2.6317149740568735,5
1370,Not_Used,0,9,2.738131357340819,5
1371,Not_Used,0,8,2.008507059545609,2
1372,Used_AI,1,1,2.0645543376997155,3
1373,Not_Used,0,7,1.3409191792869046,1
1374,Not_Used,0,4,3.2041899631285267,5
1375,Not_Used,0,8,2.2716527848724257,5
1376,Not_Used,0,10,2.069052879322177,3
1377,Used_AI,1,0,2.351776915435504,5
1378,Not_Used,0,17,2.626682017405165,3
1379,Not_Used,0,14,2.155960973248824,1
1380,Used_AI,1,5,2.8995977034066724,2
1381,Used_AI,1,0,1.5771902785151135,3
1382,Not_Used,0,16,2.6259599756630063,2
1383,Not_Used,0,37,2.2600911276620543,3
1384,Used_AI,1,3,2.7151884515676903,3
1385,Not_Used,0,4,2.5275449074093066,3
1386,Used_AI,1,2,2.636908052966634,3
1387,Used_AI,1,10,2.3553953039684408,1
1388,Used_AI,1,2,1.7422981854028448,2
1389,Used_AI,1,5,1.3050179713570498,1
1390,Not_Used,0,14,2.896343710449666,5
1391,Used_AI,1,9,1.1157415742664392,1
1392,Used_AI,1,5,2.8523564262371854,5
1393,Not_Used,0,6,2.195240437958878,5
1394,Not_Used,0,9,1.7857868106436456,2
1395,Used_AI,1,0,0.5,1
1396,Used_AI,1,0,1.5691788610944768,2
1397,Not_Used,0,25,2.230943880398598,3
1398,Used_AI,1,0,1.453906167637181,1
1399,Not_Used,0,14,1.9423287803407758,2
1400,Not_Used,0,30,3.0236035079195265,5
1401,Used_AI,1,3,2.6515432504518017,4
1402,Used_AI,1,5,2.7169833410432207,1
1403,Not_Used,0,10,1.4944227509356793,1
1404,Not_Used,0,25,2.1945877054542646,2
1405,Not_Used,0,34,1.9044262924730648,3
1406,Not_Used,0,16,2.493620002915317,4
1407,Used_AI,1,1,1.7979537650774018,2
1408,Not_Used,0,13,2.356340363024806,4
1409,Not_Used,0,6,2.27978722435584,5
1410,Used_AI,1,7,2.8088882223843243,4
1411,Used_AI,1,0,2.115553118051098,3
1412,Used_AI,1,2,2.653555927389442,3
1413,Not_Used,0,18,1.8447833568948013,2
1414,Used_AI,1,7,3.5199130771036824,5
1415,Used_AI,1,4,1.6706684538967613,2
1416,Used_AI,1,5,3.304417460871028,3
1417,Not_Used,0,23,2.5949148222374157,3
1418,Not_Used,0,16,2.4622498406633344,2
1419,Used_AI,1,3,0.9549298916637716,1
1420,Used_AI,1,1,2.40533675689116,4
1421,Used_AI,1,3,2.368444779686051,3
1422,Not_Used,0,30,3.1644867448286806,4
1423,Not_Used,0,10,2.258305075138905,2
1424,Not_Used,0,9,2.757758562394042,5
1425,Not_Used,0,10,1.4804393628750598,1
1426,Not_Used,0,5,3.084602402571966,5
1427,Not_Used,0,19,1.5004128547454145,1
1428,Not_Used,0,8,1.9471608818018764,4
1429,Used_AI,1,1,1.9215039258987852,4
1430,Used_AI,1,1,0.9155924255669016,2
1431,Not_Used,0,9,2.1291145423028994,4
1432,Not_Used,0,33,3.6913803631562954,5
1433,Not_Used,0,4,0.8064976651787816,1
1434,Not_Used,0,24,2.527015651323471,4
1435,Not_Used,0,17,1.431455668265459,1
1436,Not_Used,0,3,0.9386946939969967,1
1437,Used_AI,1,0,2.4582321467058796,5
1438,Used_AI,1,1,1.5001346796447625,2
1439,Not_Used,0,15,2.033747756926767,1
1440,Not_Used,0,2,0.9095847026071026,3
1441,Used_AI,1,5,3.1017494521911577,5
1442,Not_Used,0,8,0.5077504436936613,1
1443,Not_Used,0,15,1.6795418443525323,1
1444,Not_Used,0,1,2.7105457152667634,5
1445,Not_Used,0,6,2.705036347529581,5
1446,Not_Used,0,7,1.775787429248532,3
1447,Used_AI,1,9,2.536485622394835,1
1448,Not_Used,0,20,3.893150549376068,5
1449,Used_AI,1,2,2.888174713737727,5
1450,Not_Used,0,19,3.0116523449226698,4
1451,Not_Used,0,14,1.4462370896209955,2
1452,Not_Used,0,9,2.6477091003487656,3
1453,Not_Used,0,14,3.0625225574932897,3
1454,Used_AI,1,6,3.013891546844206,4
1455,Used_AI,1,1,1.7861264575260059,5
1456,Not_Used,0,13,2.4720393474556914,5
1457,Not_Used,0,8,1.7853319211098373,1
1458,Not_Used,0,12,2.7456347691278387,5
1459,Not_Used,0,4,2.509220656680257,4
1460,Not_Used,0,28,3.1257141356983933,4
1461,Not_Used,0,10,2.609838338452331,5
1462,Used_AI,1,1,1.3452759582034541,1
1463,Not_Used,0,7,1.656330539063067,3
1464,Not_Used,0,16,1.9945241105779021,2
1465,Not_Used,0,18,1.3720085828108277,1
1466,Not_Used,0,8,2.722149539830163,4
1467,Not_Used,0,27,4.635064902594691,5
1468,Used_AI,1,3,0.6306324891965683,1
1469,Not_Used,0,6,1.1929372396134892,3
1470,Not_Used,0,27,2.755084302866914,4
1471,Not_Used,0,27,1.987054625366699,3
1472,Not_Used,0,13,2.2175435470566,3
1473,Not_Used,0,23,2.121187795938637,1
1474,Used_AI,1,1,2.728574364979559,3
1475,Not_Used,0,24,2.1897261649254296,2
1476,Used_AI,1,4,1.0565060919148623,1
1477,Used_AI,1,2,1.9855311735278887,5
1478,Used_AI,1,3,2.8351572628934534,5
1479,Not_Used,0,6,2.03270945226745,3
1480,Used_AI,1,3,2.715724189355206,3
1481,Used_AI,1,4,2.6642818078980564,5
1482,Used_AI,1,1,2.0869259588837683,3
1483,Not_Used,0,4,1.7045830402326236,5
1484,Not_Used,0,10,1.093899885928797,2
1485,Not_Used,0,6,2.190957092590385,5
1486,Used_AI,1,5,2.0692271827877238,4
1487,Not_Used,0,16,2.564996227593668,3
1488,Not_Used,0,26,1.6760505793789726,1
1489,Not_Used,0,16,2.2614684127434255,4
1490,Used_AI,1,4,1.530828078812628,2
1491,Not_Used,0,16,0.7211178013532658,2
1492,Used_AI,1,1,2.121898974308225,2
1493,Used_AI,1,1,0.9430993651821753,1
1494,Not_Used,0,5,2.81412146125974,5
1495,Not_Used,0,19,2.4820055743000737,5
1496,Used_AI,1,3,3.5403046625281895,5
1497,Used_AI,1,0,0.9487445419991918,1
1498,Used_AI,1,1,1.6948423243861812,3
1499,Not_Used,0,23,1.667575874999521,1
1500,Not_Used,0,12,2.5494042732360307,2
1501,Used_AI,1,3,1.7728383853257952,1
1502,Not_Used,0,9,2.6681326253720368,5
1503,Not_Used,0,8,1.5042223974279016,2
1504,Not_Used,0,12,2.0023369496427015,5
1505,Used_AI,1,3,2.566779832533377,4
1506,Not_Used,0,23,3.75323495312142,5
1507,Used_AI,1,4,2.0895383307595417,1
1508,Not_Used,0,14,2.0134380865344212,5
1509,Used_AI,1,0,1.7346759629286328,5
1510,Used_AI,1,5,1.765577330189675,1
1511,Used_AI,1,5,3.109465703796975,5
1512,Not_Used,0,9,2.2310930420993635,4
1513,Used_AI,1,0,1.4404599504033238,3
1514,Not_Used,0,18,2.129046271608554,2
1515,Used_AI,1,2,1.5096588198426673,2
1516,Not_Used,0,13,3.6541855566325445,5
1517,Not_Used,0,19,2.57201529558013,3
1518,Not_Used,0,9,2.3841661323121164,4
1519,Not_Used,0,16,2.578198843544276,2
1520,Not_Used,0,13,2.4882628729639906,2
1521,Used_AI,1,5,3.40958238882924,5
1522,Not_Used,0,19,0.5160820954187131,1
1523,Used_AI,1,4,2.895427088606718,2
1524,Used_AI,1,10,3.232611329929434,3
1525,Not_Used,0,16,3.1915350936276874,3
1526,Used_AI,1,5,2.9483672760438635,3
1527,Used_AI,1,4,3.39629578178495,4
1528,Not_Used,0,7,2.7296664346529917,4
1529,Not_Used,0,20,3.324605027277239,4
1530,Not_Used,0,31,2.8910419530797538,1
1531,Not_Used,0,9,2.0655783835845023,2
1532,Not_Used,0,12,2.194468956291831,5
1533,Not_Used,0,28,2.871257565775469,5
1534,Used_AI,1,1,1.352364025035973,1
1535,Used_AI,1,3,2.548459246713052,4
1536,Not_Used,0,14,0.7954826692897082,1
1537,Not_Used,0,20,1.7888493760415625,3
1538,Not_Used,0,23,3.1236399730582356,5
1539,Used_AI,1,6,2.389464843972208,1
1540,Used_AI,1,1,2.0772710496576794,2
1541,Used_AI,1,6,3.3890035547626636,4
1542,Not_Used,0,3,1.4060879016887877,1
1543,Used_AI,1,4,2.0809996787441327,2
1544,Not_Used,0,17,1.9575362888669565,4
1545,Used_AI,1,0,1.0252014136022904,2
1546,Not_Used,0,21,2.2149262229888893,3
1547,Not_Used,0,6,2.1516359200453694,4
1548,Not_Used,0,10,2.3918090970374792,4
1549,Used_AI,1,1,2.284377838059313,3
1550,Used_AI,1,4,2.5630631229749747,2
1551,Used_AI,1,1,1.9706885814069115,4
1552,Not_Used,0,39,1.8521816793378587,3
1553,Not_Used,0,19,2.434044626668035,4
1554,Not_Used,0,7,1.8007947629097387,2
1555,Used_AI,1,3,2.815519313433825,3
1556,Not_Used,0,32,1.876500991436943,1
1557,Used_AI,1,5,2.681480541177618,3
1558,Used_AI,1,2,1.8821871192313977,2
1559,Used_AI,1,9,2.308758457106907,1
1560,Not_Used,0,34,3.123683126253296,3
1561,Used_AI,1,0,1.3780689599547,3
1562,Used_AI,1,3,2.450252608667609,4
1563,Not_Used,0,33,2.3902210958212238,2
1564,Used_AI,1,2,2.17737653446087,4
1565,Used_AI,1,1,2.5083782818002263,4
1566,Not_Used,0,10,2.0962680912886924,4
1567,Not_Used,0,23,2.148916373836161,2
1568,Not_Used,0,7,2.066389250292826,3
1569,Not_Used,0,60,3.1123900796073376,4
1570,Not_Used,0,13,2.0753156072748586,3
1571,Used_AI,1,0,0.5,1
1572,Not_Used,0,59,2.9563863440744003,3
1573,Not_Used,0,6,3.1654593817852716,5
1574,Used_AI,1,4,2.3106065494907173,2
1575,Not_Used,0,9,2.4391404308751916,2
1576,Used_AI,1,4,2.2837094535892075,4
1577,Used_AI,1,1,2.1885360484433862,4
1578,Not_Used,0,0,1.1669159738614134,5
1579,Used_AI,1,7,2.1415378204756834,1
1580,Not_Used,0,21,2.3560084930800973,4
1581,Not_Used,0,10,2.3430450373944494,4
1582,Not_Used,0,60,2.624450547066521,3
1583,Used_AI,1,4,2.7729510372449937,4
1584,Used_AI,1,3,2.6477474683947726,5
1585,Used_AI,1,2,2.3188356918644772,5
1586,Used_AI,1,2,2.0938707484398815,1
1587,Not_Used,0,4,2.367680974541193,4
1588,Not_Used,0,18,2.1210109483414104,3
1589,Not_Used,0,28,2.483021912277855,3
1590,Not_Used,0,44,3.417405472317273,3
1591,Used_AI,1,3,2.178006272339007,3
1592,Not_Used,0,25,2.82338171450117,5
1593,Used_AI,1,4,2.0700657337808863,3
1594,Used_AI,1,1,1.1564110306802,1
1595,Not_Used,0,24,2.052986312991727,2
1596,Not_Used,0,12,1.803467962050155,3
1597,Used_AI,1,2,2.3696178823361302,5
1598,Used_AI,1,6,2.600737295772988,4
1599,Used_AI,1,4,2.225989543389935,2
1600,Not_Used,0,16,3.423385381052783,5
1601,Not_Used,0,7,2.081299596523308,3
1602,Not_Used,0,54,3.948663853194455,5
1603,Used_AI,1,0,2.044600176220255,3
1604,Used_AI,1,5,2.6809931564175575,4
1605,Used_AI,1,7,2.8994510366264703,5
1606,Not_Used,0,8,2.3422150613422006,5
1607,Used_AI,1,4,3.1954022011981325,5
1608,Not_Used,0,15,2.6632510955234863,5
1609,Not_Used,0,24,2.1754090082211097,2
1610,Not_Used,0,33,1.9992053588134127,2
1611,Not_Used,0,19,2.25673010097914,4
1612,Not_Used,0,22,3.0487849991394924,5
1613,Not_Used,0,9,1.4834983804544097,3
1614,Not_Used,0,20,3.348342435461738,5
1615,Used_AI,1,4,2.8078975576621774,5
1616,Not_Used,0,6,1.4603492223846983,1
1617,Used_AI,1,4,1.4873636907345789,2
1618,Not_Used,0,7,1.9566427119223202,3
1619,Used_AI,1,4,2.3893388533415822,4
1620,Not_Used,0,39,2.3932360352194624,2
1621,Used_AI,1,4,3.742722966072705,5
1622,Used_AI,1,1,2.2877956769970096,4
1623,Not_Used,0,8,1.7807496813965362,3
1624,Used_AI,1,0,0.5,1
1625,Used_AI,1,1,1.379056536855415,1
1626,Used_AI,1,2,2.9217522166431937,4
1627,Used_AI,1,7,1.5897885460357806,1
1628,Used_AI,1,6,3.2770696295772748,5
1629,Not_Used,0,19,2.5631110765701184,3
1630,Not_Used,0,16,4.522457587762861,5
1631,Used_AI,1,6,2.7775271025737434,5
1632,Used_AI,1,4,2.6273054972744583,3
1633,Used_AI,1,4,2.733729705164711,3
1634,Not_Used,0,17,2.318449977705251,5
1635,Used_AI,1,0,2.0672619285432523,5
1636,Used_AI,1,0,0.5,1
1637,Not_Used,0,19,1.2135890981932995,1
1638,Used_AI,1,7,2.2735325009747576,2
1639,Used_AI,1,1,2.3587402888179145,4
1640,Used_AI,1,3,3.048564215706272,4
1641,Not_Used,0,32,3.566015535185932,5
1642,Not_Used,0,23,1.5362435434894115,1
1643,Not_Used,0,14,0.7872669494752526,1
1644,Not_Used,0,7,2.987112450329496,5
1645,Used_AI,1,8,2.5919486296808163,2
1646,Not_Used,0,44,1.7465670004614073,1
1647,Not_Used,0,40,2.947295369883401,3
1648,Used_AI,1,2,2.525635280629751,4
1649,Not_Used,0,19,2.5470982165800033,3
1650,Used_AI,1,2,1.7522237030091092,2
1651,Used_AI,1,2,2.333103099379709,3
1652,Not_Used,0,13,1.4661131304979134,2
1653,Not_Used,0,6,1.0292267857218693,1
1654,Not_Used,0,32,1.970458215375239,2
1655,Used_AI,1,1,2.1334075485320363,4
1656,Not_Used,0,8,1.8691237997108385,4
1657,Not_Used,0,30,2.4442073344482362,3
1658,Not_Used,0,28,1.4435784661086517,1
1659,Used_AI,1,2,2.328813010609062,3
1660,Used_AI,1,5,1.2150087163446448,1
1661,Not_Used,0,11,1.601117948747488,3
1662,Not_Used,0,2,2.0199418051553586,5
1663,Not_Used,0,41,2.0926423523171613,1
1664,Not_Used,0,29,2.050306337451669,2
1665,Used_AI,1,2,2.126611473555291,4
1666,Used_AI,1,1,2.5187454483670493,5
1667,Used_AI,1,1,1.8270649295035633,2
1668,Not_Used,0,28,1.6262521845459772,2
1669,Used_AI,1,2,1.2193966071681668,1
1670,Used_AI,1,6,2.37281647779396,3
1671,Used_AI,1,7,3.566191989397966,5
1672,Not_Used,0,10,2.2836692838250823,4
1673,Used_AI,1,0,1.3645305768534555,3
1674,Not_Used,0,3,1.506095001379163,4
1675,Not_Used,0,32,2.478782403375386,3
1676,Not_Used,0,28,2.7905432694946026,2
1677,Not_Used,0,18,2.244745537319976,4
1678,Used_AI,1,0,2.365366839050023,3
1679,Used_AI,1,4,2.3689867277292067,3
1680,Not_Used,0,11,1.720428213111531,1
1681,Used_AI,1,3,2.5541818998134156,5
1682,Not_Used,0,28,2.5707619379901523,4
1683,Not_Used,0,12,1.748355464285756,2
1684,Used_AI,1,0,1.6707524421996311,5
1685,Not_Used,0,28,2.214565729853637,2
1686,Not_Used,0,37,2.1012263609123276,2
1687,Used_AI,1,0,1.8997023393634946,2
1688,Not_Used,0,9,0.7691100863813884,1
1689,Used_AI,1,4,2.682283436796621,4
1690,Used_AI,1,5,1.6315600799674046,1
1691,Used_AI,1,2,1.0532442214734206,1
1692,Not_Used,0,10,1.3960951027612172,1
1693,Not_Used,0,38,2.4630590069037606,3
1694,Used_AI,1,8,1.7490338017914884,3
1695,Used_AI,1,1,2.055112730021877,2
1696,Not_Used,0,11,1.2258974589389664,1
1697,Used_AI,1,4,1.4971623089202426,1
1698,Not_Used,0,23,2.978567297069425,4
1699,Not_Used,0,6,1.5642235008005014,2
1700,Used_AI,1,2,2.6719836049824606,4
1701,Used_AI,1,2,2.1730152741221804,1
1702,Not_Used,0,17,2.188708690415088,3
1703,Used_AI,1,3,3.2810058337026877,5
1704,Not_Used,0,17,2.3470472827977047,4
1705,Used_AI,1,2,2.896045003566983,2
1706,Used_AI,1,4,2.337808076824128,3
1707,Not_Used,0,7,2.3218790057908296,3
1708,Not_Used,0,34,2.9635953272957596,3
1709,Not_Used,0,32,2.5622326273559133,2
1710,Used_AI,1,2,1.8260006565712303,3
1711,Not_Used,0,5,1.9621914674517462,3
1712,Used_AI,1,1,0.5,1
1713,Not_Used,0,8,1.660718432792399,1
1714,Not_Used,0,7,1.477351472167683,1
1715,Not_Used,0,27,1.7861460194427752,1
1716,Not_Used,0,31,0.788330546492628,1
1717,Used_AI,1,5,2.1333596545524998,3
1718,Not_Used,0,8,1.3332596800490808,1
1719,Not_Used,0,27,2.906352609461248,4
1720,Not_Used,0,19,2.531385346055071,3
1721,Used_AI,1,0,0.5,1
1722,Used_AI,1,4,3.0190591630448487,4
1723,Used_AI,1,6,2.636528419183472,4
1724,Used_AI,1,3,2.067011097246583,1
1725,Not_Used,0,2,2.039437528850696,4
1726,Used_AI,1,0,1.2304112354238108,2
1727,Not_Used,0,12,2.20199875892452,3
1728,Used_AI,1,3,2.3265508762890716,1
1729,Used_AI,1,0,0.6712613311899145,1
1730,Used_AI,1,3,1.807760035891345,2
1731,Not_Used,0,19,2.4357506265785718,3
1732,Not_Used,0,22,2.5563511903940452,2
1733,Used_AI,1,7,1.8394296352366597,1
1734,Used_AI,1,6,2.923204820927366,2
1735,Not_Used,0,45,3.018917417172409,4
1736,Used_AI,1,2,1.219866840167136,3
1737,Used_AI,1,2,2.489506806163632,3
1738,Used_AI,1,4,1.9418619370501642,2
1739,Used_AI,1,2,3.0157882750753897,5
1740,Used_AI,1,5,2.2810629401926104,1
1741,Not_Used,0,29,2.8823239200649486,4
1742,Not_Used,0,11,3.451009099973059,5
1743,Used_AI,1,6,2.769687797365759,4
1744,Not_Used,0,32,2.7472680402757272,3
1745,Used_AI,1,0,1.6033319836513067,2
1746,Used_AI,1,2,2.745997504421133,5
1747,Not_Used,0,10,1.7591803696796244,1
1748,Not_Used,0,11,1.4710313348605109,1
1749,Used_AI,1,0,1.1396011930781627,2
1750,Used_AI,1,6,2.676697402551617,5
1751,Not_Used,0,12,2.5124272075530816,4
1752,Not_Used,0,14,1.9292978715274989,1
1753,Used_AI,1,12,3.424373014793121,2
1754,Used_AI,1,4,2.416795043850689,2
1755,Used_AI,1,1,1.4959309661300801,2
1756,Not_Used,0,6,1.9965369639668042,5
1757,Used_AI,1,1,1.367236123418461,1
1758,Not_Used,0,35,3.8820992722154877,5
1759,Used_AI,1,7,3.277543737994878,4
1760,Used_AI,1,4,3.4014543817828926,5
1761,Not_Used,0,17,2.0399231346665396,2
1762,Not_Used,0,8,1.8172718841246749,3
1763,Used_AI,1,4,1.4077839747886882,1
1764,Not_Used,0,20,2.1331191849105298,2
1765,Not_Used,0,24,2.702941435381328,4
1766,Not_Used,0,13,2.9863255141524476,5
1767,Used_AI,1,0,0.8402807182428226,1
1768,Not_Used,0,10,1.9229540487360068,2
1769,Not_Used,0,17,1.9698214718533473,3
1770,Used_AI,1,1,1.5080875725897895,1
1771,Not_Used,0,3,2.080799590224641,4
1772,Not_Used,0,25,2.0714658756231756,2
1773,Used_AI,1,0,1.1684551046395828,3
1774,Not_Used,0,16,1.5745454075101128,2
1775,Used_AI,1,7,2.8744909068845095,2
1776,Not_Used,0,7,2.25010960718438,3
1777,Used_AI,1,0,0.8981027946999476,3
1778,Not_Used,0,20,2.5371369542338993,2
1779,Used_AI,1,5,2.603485046211595,2
1780,Not_Used,0,9,2.330546821509468,4
1781,Not_Used,0,13,3.7216759243929496,5
1782,Not_Used,0,14,2.4398515537096013,3
1783,Not_Used,0,37,2.586364160166443,5
1784,Not_Used,0,9,1.5719906750402155,1
1785,Used_AI,1,6,2.781966974818415,3
1786,Not_Used,0,36,1.8543642660608948,1
1787,Not_Used,0,12,1.716940813969634,1
1788,Used_AI,1,4,1.4327485972816794,2
1789,Used_AI,1,1,2.903130691918624,5
1790,Not_Used,0,22,2.577956919264302,5
1791,Not_Used,0,5,1.644227698671609,3
1792,Not_Used,0,12,1.4140995541166586,1
1793,Not_Used,0,7,2.1068254621954203,3
1794,Used_AI,1,2,2.4622727980459933,4
1795,Not_Used,0,11,1.984667108395548,3
1796,Used_AI,1,0,0.5,1
1797,Not_Used,0,6,1.0799881966612046,1
1798,Not_Used,0,9,1.9991231944713121,3
1799,Used_AI,1,6,3.21648095103684,4
1800,Not_Used,0,16,1.2335162520149627,1
1801,Not_Used,0,21,2.6991206955071783,3
1802,Not_Used,0,17,3.0098336231884186,3
1803,Used_AI,1,0,1.8205570936685778,5
1804,Used_AI,1,2,2.4574290428570427,4
1805,Not_Used,0,9,3.280796841027019,4
1806,Not_Used,0,32,2.7763701360276034,2
1807,Not_Used,0,21,0.8134541024567317,1
1808,Not_Used,0,22,2.412530634265322,2
1809,Used_AI,1,4,2.9196442805768434,5
1810,Not_Used,0,6,3.0056725677278457,5
1811,Used_AI,1,7,2.7089038347096337,4
1812,Used_AI,1,2,2.070329676458574,4
1813,Used_AI,1,0,1.5420205601860584,4
1814,Not_Used,0,35,2.1265767835226805,2
1815,Used_AI,1,3,2.6784968006434,3
1816,Used_AI,1,3,2.6182877694521998,5
1817,Used_AI,1,1,1.1833652524548128,1
1818,Not_Used,0,31,2.67807880027424,5
1819,Not_Used,0,10,2.4009911612382684,2
1820,Not_Used,0,13,3.426751026166099,5
1821,Not_Used,0,29,1.7262420755705785,1
1822,Used_AI,1,5,2.6732885711517307,4
1823,Used_AI,1,11,2.787582332597573,2
1824,Used_AI,1,0,1.344306482298459,1
1825,Used_AI,1,2,2.5153039628607656,3
1826,Not_Used,0,21,2.662136098651265,5
1827,Not_Used,0,17,1.2861489550671417,2
1828,Not_Used,0,5,0.7211453023966261,1
1829,Used_AI,1,5,2.6492335845934805,3
1830,Not_Used,0,9,1.81518536352871,3
1831,Used_AI,1,0,2.0507042423620923,4
1832,Used_AI,1,3,2.564401501588853,5
1833,Used_AI,1,2,1.6787225942166784,3
1834,Used_AI,1,3,2.6418824326819177,5
1835,Not_Used,0,19,3.1353520854385337,3
1836,Used_AI,1,3,2.516642798262579,2
1837,Used_AI,1,2,1.9906060059122446,1
1838,Not_Used,0,8,2.163540431078445,3
1839,Not_Used,0,24,2.1473602937957765,2
1840,Used_AI,1,3,3.4179782183225953,5
1841,Used_AI,1,0,1.8306400557103983,4
1842,Used_AI,1,5,2.122649763571518,1
1843,Not_Used,0,16,2.4022827791977974,3
1844,Not_Used,0,9,1.2780379353485394,4
1845,Not_Used,0,20,3.823718659701227,5
1846,Not_Used,0,38,3.3055782205419897,5
1847,Not_Used,0,18,2.8901281431697194,4
1848,Not_Used,0,11,2.1992952323145576,3
1849,Not_Used,0,8,2.338416961800665,4
1850,Used_AI,1,0,2.061038558683788,5
1851,Not_Used,0,49,2.345052244354342,1
1852,Not_Used,0,5,1.219144786323091,2
1853,Used_AI,1,1,1.5553754836980238,2
1854,Not_Used,0,13,2.669828879437607,4
1855,Used_AI,1,4,2.925679784846436,5
1856,Not_Used,0,10,2.0090180827472213,2
1857,Not_Used,0,10,0.5674721684909292,1
1858,Not_Used,0,7,1.4393355358013133,2
1859,Not_Used,0,21,2.987840695762587,5
1860,Used_AI,1,3,2.8305410349458766,4
1861,Used_AI,1,7,2.1539666505243393,4
1862,Not_Used,0,9,2.1898456403046853,2
1863,Not_Used,0,13,1.3988269635856754,1
1864,Not_Used,0,18,2.558300317555845,4
1865,Not_Used,0,6,1.025415985178798,2
1866,Used_AI,1,12,3.571430411893672,5
1867,Used_AI,1,1,2.6896803646193197,4
1868,Not_Used,0,32,2.321424222901702,2
1869,Used_AI,1,5,2.071456357366296,2
1870,Not_Used,0,15,2.2159680445367043,3
1871,Used_AI,1,0,1.7018148683694356,3
1872,Not_Used,0,2,2.3740596016975557,5
1873,Not_Used,0,8,2.1420871156477905,3
1874,Not_Used,0,25,2.5746063901129963,2
1875,Not_Used,0,8,3.412295228275046,5
1876,Not_Used,0,31,2.7762973385321605,3
1877,Not_Used,0,7,2.438041167820411,4
1878,Not_Used,0,8,2.037705015259924,2
1879,Not_Used,0,1,1.7845236548167132,4
1880,Not_Used,0,19,2.978167933715573,4
1881,Used_AI,1,3,1.5806054831822594,1
1882,Not_Used,0,27,3.1332177987333103,5
1883,Not_Used,0,29,2.7714159148294533,5
1884,Not_Used,0,34,2.1430417487611413,2
1885,Used_AI,1,8,2.650823943109553,1
1886,Not_Used,0,13,1.7988801400393812,4
1887,Not_Used,0,18,2.579027397016972,3
1888,Used_AI,1,1,2.325212556029586,4
1889,Not_Used,0,11,2.7548105814867223,3
1890,Used_AI,1,0,1.8906577672492044,4
1891,Not_Used,0,8,2.265258924396831,5
1892,Used_AI,1,2,2.0892094268759567,4
1893,Used_AI,1,2,1.1734148643937228,1
1894,Not_Used,0,5,2.3828076275141914,5
1895,Used_AI,1,6,3.3245331555108018,5
1896,Not_Used,0,11,3.30381441668282,5
1897,Used_AI,1,0,1.5011224287310054,1
1898,Not_Used,0,8,1.6702182887286487,3
1899,Used_AI,1,2,1.4364934630449502,1
1900,Not_Used,0,10,2.9097978998846887,4
1901,Not_Used,0,12,2.3112006137768426,2
1902,Not_Used,0,9,2.8052502916113946,5
1903,Not_Used,0,16,2.082958204283956,2
1904,Used_AI,1,4,0.9497971946329558,1
1905,Not_Used,0,17,2.4848796468207053,2
1906,Not_Used,0,6,0.961026261399049,1
1907,Used_AI,1,7,2.9219835276109625,4
1908,Not_Used,0,12,0.7039402811939468,1
1909,Used_AI,1,0,0.6573678697733623,3
1910,Not_Used,0,12,0.7716574902422139,1
1911,Used_AI,1,11,3.193387051250096,2
1912,Used_AI,1,4,3.0486324566878182,5
1913,Used_AI,1,1,2.1319100397323196,4
1914,Used_AI,1,1,1.8028110245192432,2
1915,Not_Used,0,30,3.280260688571023,3
1916,Not_Used,0,14,2.822230378441363,3
1917,Used_AI,1,1,1.832721124978241,4
1918,Used_AI,1,5,1.0604529200418684,1
1919,Not_Used,0,10,3.399287449683055,4
1920,Not_Used,0,21,1.9918178102057205,1
1921,Used_AI,1,0,1.3079704440108446,2
1922,Not_Used,0,3,1.0021855249894551,2
1923,Not_Used,0,26,3.2202887729949268,4
1924,Used_AI,1,0,1.5894449131327193,3
1925,Used_AI,1,2,1.3394745116824003,1
1926,Not_Used,0,38,2.5307116327854025,1
1927,Not_Used,0,11,2.427052563438223,3
1928,Used_AI,1,3,1.8740740459839644,3
1929,Used_AI,1,0,1.0953689956309298,2
1930,Used_AI,1,0,1.6313881194263689,2
1931,Used_AI,1,3,2.873549096923715,4
1932,Not_Used,0,25,2.3491989585173756,2
1933,Used_AI,1,6,2.9452791848243676,3
1934,Not_Used,0,15,3.2493169878092782,5
1935,Not_Used,0,30,1.933221473439726,1
1936,Used_AI,1,6,0.5,1
1937,Used_AI,1,2,2.383560251235303,4
1938,Not_Used,0,8,2.0451294637176938,2
1939,Not_Used,0,28,2.2316417812764224,2
1940,Not_Used,0,19,1.8212237636691944,2
1941,Not_Used,0,0,0.6535187489063162,3
1942,Not_Used,0,14,3.4838354935807128,5
1943,Not_Used,0,10,2.779607647844636,4
1944,Not_Used,0,28,3.3081959270673122,5
1945,Used_AI,1,1,0.5,1
1946,Not_Used,0,9,1.4812771516149301,1
1947,Not_Used,0,25,0.9716548823658768,1
1948,Not_Used,0,6,1.4614449664413272,2
1949,Used_AI,1,7,2.932659851671339,5
1950,Used_AI,1,0,1.7078316913020568,4
1951,Used_AI,1,3,2.4845266839340074,3
1952,Used_AI,1,4,1.7916332116382896,3
1953,Not_Used,0,34,2.9886143605202444,2
1954,Used_AI,1,3,2.5007320403009707,3
1955,Used_AI,1,7,3.029382484559811,4
1956,Not_Used,0,13,1.8104131966900374,1
1957,Used_AI,1,2,1.7445790457061394,4
1958,Used_AI,1,7,2.8489602766637563,5
1959,Not_Used,0,16,2.07730502018458,2
1960,Not_Used,0,24,3.384124784180443,4
1961,Not_Used,0,11,3.582691249700853,5
1962,Not_Used,0,13,2.383473403826716,3
1963,Used_AI,1,1,1.8565000656002266,4
1964,Not_Used,0,34,2.4478475103520663,2
1965,Used_AI,1,1,2.793234617542448,3
1966,Not_Used,0,17,2.9844951923192635,4
1967,Used_AI,1,3,2.3633448489293754,3
1968,Not_Used,0,32,2.3589517036383514,1
1969,Not_Used,0,15,2.6432231564015227,3
1970,Not_Used,0,16,3.267018375660215,5
1971,Used_AI,1,2,2.9383196163718295,4
1972,Not_Used,0,7,2.9545612927428415,5
1973,Not_Used,0,11,2.0245932361589323,3
1974,Not_Used,0,17,2.9878504474614282,4
1975,Used_AI,1,1,1.953981828939886,4
1976,Not_Used,0,39,1.8308674582757276,1
1977,Not_Used,0,26,2.569797746519574,4
1978,Used_AI,1,3,1.815485661333764,1
1979,Not_Used,0,20,1.4367364419757762,2
1980,Used_AI,1,8,3.1169327220550382,3
1981,Not_Used,0,7,1.073468584321037,4
1982,Used_AI,1,4,2.862101040484699,1
1983,Not_Used,0,10,3.2869026482293138,5
1984,Not_Used,0,15,2.4906351383772236,4
1985,Used_AI,1,6,2.284180729346463,2
1986,Not_Used,0,11,1.5463590111255257,1
1987,Not_Used,0,14,1.9751036357045915,3
1988,Not_Used,0,14,2.1372958825450787,2
1989,Used_AI,1,0,1.6090583830249356,3
1990,Not_Used,0,23,2.2519541146690085,2
1991,Not_Used,0,7,1.1006326116916847,1
1992,Used_AI,1,3,1.650196786949383,2
1993,Used_AI,1,3,2.107212917608364,2
1994,Not_Used,0,7,2.413986227705955,4
1995,Not_Used,0,26,2.2207747576385723,2
1996,Used_AI,1,5,3.2490102518567987,5
1997,Not_Used,0,16,1.8326081726843566,1
1998,Used_AI,1,1,2.4745130862245426,5
1999,Not_Used,0,7,2.010547493962158,3
